id,first_name,last_name,email,town,gender,ip_address
1,Elton,Alcock,ealcock0@usgs.gov,Kuiv,Male,147.156.148.234
2,Hyatt,McConville,hmcconville1@amazon.co.jp,Lytsk,Male,128.0.165.110
3,Ade,Greschke,agreschke2@squidoo.com,Lytsk,Male,178.241.189.225
4,Ches,Ruberry,cruberry3@nydailynews.com,Vinnucia,Male,82.229.152.194
5,Rosetta,Haitlie,rhaitlie4@bloglovin.com,Ivano-Frankivsk,Female,43.227.230.20
6,Gray,Leonardi,gleonardi5@msu.edu,Lytsk,Male,230.191.222.186
7,Marty,Pistol,mpistol6@netvibes.com,Kuiv,Non-binary,196.203.72.67
8,Christie,Wethered,cwethered7@amazon.co.uk,Lviv,Male,20.146.241.246
9,Bernice,Philp,bphilp8@bravesites.com,Dnipro,Female,102.153.58.97
10,Waylen,Newall,wnewall9@google.ua,Zaporizhya,Male,254.54.79.172
11,Marcello,Buttrick,mbuttricka@army.mil,Lytsk,Male,74.183.179.105
12,Ely,Woodhead,ewoodheadb@wired.com,Ternopil,Male,24.155.197.122
13,Lyndsey,Klimes,lklimesc@rambler.ua,Xarkiv,Female,119.110.204.128
14,Gabriella,Greated,ggreatedd@infoseek.co.jp,Vinnucia,Female,40.158.172.244
15,Ban,Fawdrie,bfawdriee@jiathis.com,Kuiv,Male,207.220.216.65
16,Conni,Moulson,cmoulsonf@xing.com,Odesa,Female,180.204.59.193
17,Myrna,Whitfield,mwhitfieldg@census.gov,Ivano-Frankivsk,Female,249.181.142.174
18,Angelico,Sidgwick,asidgwickh@networkadvertising.org,Odesa,Male,64.239.163.150
19,Rory,Matoshin,rmatoshini@wikispaces.com,Ternopil,Female,144.32.222.212
20,Conrado,Wakeham,cwakehamj@icio.us,Kuiv,Male,191.18.23.37
21,Brande,Crosbie,bcrosbiek@jalbum.net,Ternopil,Female,82.200.150.89
22,Mahmud,Bulfoot,mbulfootl@blinklist.com,Ivano-Frankivsk,Male,19.197.242.69
23,Carry,Lackeye,clackeyem@instagram.com,Lviv,Female,89.138.128.181
24,Langsdon,Halls,lhallsn@ustream.tv,Lviv,Male,148.148.74.143
25,Bengt,McGarrahan,bmcgarrahano@liveinternet.ua,Ivano-Frankivsk,Male,13.149.164.5
26,Harriot,Mundford,hmundfordp@usa.gov,Lytsk,Female,74.127.86.137
27,Goober,Kestin,gkestinq@census.gov,Odesa,Male,218.93.61.23
28,Daniella,Langton,dlangtonr@smugmug.com,Odesa,Female,193.127.211.9
29,Izaak,Korb,ikorbs@unc.edu,Odesa,Male,95.123.71.230
30,Barnebas,Galletly,bgalletlyt@reddit.com,Xarkiv,Male,174.108.26.227
31,Augustus,Bridywater,abridywateru@bluehost.com,Ternopil,Genderqueer,215.103.236.112
32,Dulcea,Livoir,dlivoirv@noaa.gov,Ivano-Frankivsk,Polygender,45.9.165.21
33,Philippa,Powers,ppowersw@house.gov,Ternopil,Female,50.174.11.151
34,Augustus,Yurasov,ayurasovx@earthlink.net,Ternopil,Male,20.73.114.36
35,Pippa,Rickaby,prickabyy@i2i.jp,Ivano-Frankivsk,Female,26.178.172.123
36,Noe,Davenport,ndavenportz@businessweek.com,Zaporizhya,Male,42.157.210.220
37,Levi,Harewood,lharewood10@so-net.ne.jp,Lytsk,Male,54.113.126.67
38,Donna,Goodfield,dgoodfield11@time.com,Kuiv,Female,186.214.232.133
39,Gael,Beamson,gbeamson12@artisteer.com,Lytsk,Female,236.46.201.86
40,Hubert,Yacobsohn,hyacobsohn13@parallels.com,Dnipro,Male,126.109.139.197
41,Steffane,Grealy,sgrealy14@oakley.com,Xarkiv,Female,3.223.92.95
42,Huey,Treanor,htreanor15@nasa.gov,Ivano-Frankivsk,Male,24.177.250.206
43,Sarina,Matfin,smatfin16@sohu.com,Vinnucia,Female,161.212.32.29
44,Sarah,Tomadoni,stomadoni17@chron.com,Kuiv,Female,104.189.236.71
45,Salome,Gerling,sgerling18@opensource.org,Zaporizhya,Female,132.188.215.59
46,Fan,Uccello,fuccello19@reference.com,Vinnucia,Female,208.62.171.26
47,Grange,Dran,gdran1a@usgs.gov,Ivano-Frankivsk,Male,31.98.238.144
48,Corbet,Lambal,clambal1b@umich.edu,Kuiv,Male,183.251.249.95
49,Sukey,Nichol,snichol1c@friendfeed.com,Ivano-Frankivsk,Female,105.28.142.144
50,Sigismond,Hazart,shazart1d@nsw.gov.au,Odesa,Male,115.124.52.13
51,Madelene,Marikhin,mmarikhin1e@usgs.gov,Kuiv,Agender,12.243.103.246
52,Lezlie,Loveless,lloveless1f@hugedomains.com,Ivano-Frankivsk,Female,213.125.112.199
53,Mikel,Bell,mbell1g@psu.edu,Xarkiv,Male,48.3.94.247
54,Dorotea,Obington,dobington1h@yahoo.co.jp,Odesa,Female,161.181.185.237
55,Bondie,Doe,bdoe1i@geocities.jp,Ivano-Frankivsk,Male,236.134.111.97
56,Brandie,Methven,bmethven1j@soundcloud.com,Kuiv,Female,54.227.120.226
57,Keri,Manwaring,kmanwaring1k@google.fr,Kuiv,Agender,248.255.89.179
58,Galvin,Roantree,groantree1l@chronoengine.com,Zaporizhya,Male,155.2.249.37
59,Dorthy,Jinks,djinks1m@reference.com,Zaporizhya,Female,60.91.58.155
60,Cleveland,Nesby,cnesby1n@mapquest.com,Xarkiv,Male,10.90.57.227
61,Brande,Leve,bleve1o@economist.com,Ivano-Frankivsk,Female,61.153.13.128
62,Cornela,De
Witt,cdewitt1p@examiner.com,Dnipro,Female,149.115.135.101
63,Lishe,Sego,lsego1q@baidu.com,Dnipro,Female,213.144.204.197
64,Kathrine,Entres,kentres1r@skyrock.com,Kuiv,Female,183.57.233.97
65,Boyd,Kolinsky,bkolinsky1s@cdbaby.com,Ternopil,Male,114.78.186.202
66,Revkah,Weale,rweale1t@boston.com,Dnipro,Polygender,18.95.62.132
67,Garry,Caird,gcaird1u@t-online.de,Ivano-Frankivsk,Male,246.41.249.127
68,Curry,Barrick,cbarrick1v@360.cn,Ivano-Frankivsk,Male,95.172.15.135
69,Niccolo,Lampel,nlampel1w@parallels.com,Odesa,Polygender,126.25.82.216
70,Kendall,MacKee,kmackee1x@wikimedia.org,Xarkiv,Male,47.85.214.137
71,Zollie,Bohlsen,zbohlsen1y@joomla.org,Kuiv,Male,27.122.76.233
72,Ralf,Kleinstein,rkleinstein1z@wsj.com,Ternopil,Male,249.203.184.112
73,Si,Chmiel,schmiel20@sitemeter.com,Kuiv,Male,231.10.250.189
74,Nikaniki,Alford,nalford21@bizjournals.com,Vinnucia,Female,45.104.33.218
75,Nikos,Malster,nmalster22@psu.edu,Ivano-Frankivsk,Male,66.139.251.117
76,Biddie,Newvill,bnewvill23@ucla.edu,Ivano-Frankivsk,Female,177.45.58.126
77,Mame,Bathoe,mbathoe24@4shared.com,Dnipro,Female,37.81.48.215
78,Gamaliel,O'Shevlin,goshevlin25@free.fr,Vinnucia,Male,117.108.83.38
79,Ciel,Ogilvie,cogilvie26@mysql.com,Kuiv,Female,234.36.56.186
80,Dania,Suttle,dsuttle27@wisc.edu,Zaporizhya,Female,153.60.86.5
81,Merissa,Doge,mdoge28@yellowpages.com,Lviv,Female,190.6.213.9
82,Rosie,Beaton,rbeaton29@ebay.co.uk,Lviv,Female,158.250.142.99
83,Simonette,von
Grollmann,svongrollmann2a@pinterest.com,Zaporizhya,Female,26.254.188.140
84,Jim,McCorrie,jmccorrie2b@google.com.hk,Vinnucia,Male,237.121.76.124
85,Leoline,McAteer,lmcateer2c@facebook.com,Xarkiv,Female,48.139.181.52
86,Nicoli,Clifforth,nclifforth2d@ifeng.com,Lviv,Female,92.103.53.192
87,Evie,Gorges,egorges2e@ning.com,Ternopil,Bigender,154.97.125.106
88,Marga,Bartosinski,mbartosinski2f@reuters.com,Lytsk,Genderqueer,75.139.115.32
89,Thelma,Mettetal,tmettetal2g@privacy.gov.au,Kuiv,Female,78.200.167.4
90,Leonidas,Matley,lmatley2h@goo.ne.jp,Lviv,Male,201.123.126.182
91,Rasla,Bebbell,rbebbell2i@wikia.com,Lytsk,Female,98.3.244.133
92,Jena,Flipek,jflipek2j@blinklist.com,Odesa,Female,58.237.190.126
93,Livvie,Shakesby,lshakesby2k@1688.com,Vinnucia,Female,124.63.248.36
94,Norry,Sketh,nsketh2l@seesaa.net,Vinnucia,Female,248.56.199.100
95,Blaire,Le
Ball,bleball2m@ox.ac.uk,Ternopil,Female,90.95.221.87
96,Ettie,Purbrick,epurbrick2n@phpbb.com,Lytsk,Female,200.26.92.160
97,Vittorio,Caen,vcaen2o@netvibes.com,Dnipro,Male,122.84.39.51
98,Mordecai,Hoodless,mhoodless2p@tamu.edu,Zaporizhya,Agender,87.47.113.217
99,Mendy,Gillani,mgillani2q@sbwire.com,Ivano-Frankivsk,Male,22.114.66.210
100,Cristine,Sidworth,csidworth2r@bbc.co.uk,Kuiv,Female,51.53.216.172
101,Demetria,Chrstine,dchrstine2s@oracle.com,Ivano-Frankivsk,Female,68.77.113.142
102,Susie,Mongain,smongain2t@github.com,Kuiv,Female,219.173.21.148
103,Bonnie,Keming,bkeming2u@fda.gov,Lytsk,Female,98.88.185.207
104,Craggie,Dochon,cdochon2v@google.co.uk,Lviv,Male,227.53.244.100
105,Chloris,Wethered,cwethered2w@ucsd.edu,Ivano-Frankivsk,Female,245.22.88.92
106,Dwain,Dybbe,ddybbe2x@studiopress.com,Xarkiv,Male,217.194.87.50
107,Hartley,Tefft,htefft2y@drupal.org,Ivano-Frankivsk,Male,253.219.48.70
108,Giacopo,Setter,gsetter2z@elpais.com,Lytsk,Male,185.215.83.165
109,Drusy,Etherson,detherson30@fastcompany.com,Zaporizhya,Non-binary,189.244.24.64
110,Vickie,Adame,vadame31@mapquest.com,Vinnucia,Genderqueer,21.195.5.120
111,Frans,Blagden,fblagden32@ebay.co.uk,Dnipro,Male,209.150.160.80
112,Silas,Langran,slangran33@odnoklassniki.ua,Lviv,Male,111.102.100.143
113,Madelene,Bouskill,mbouskill34@theatlantic.com,Odesa,Female,63.231.186.165
114,Drugi,Piesold,dpiesold35@wikia.com,Dnipro,Male,35.8.102.228
115,Rosamund,Stanett,rstanett36@virginia.edu,Lviv,Female,75.186.204.128
116,Hadleigh,McCooke,hmccooke37@goo.ne.jp,Vinnucia,Bigender,43.99.178.150
117,Beitris,Molder,bmolder38@dropbox.com,Lviv,Female,5.89.172.14
118,Roxana,Rodson,rrodson39@fastcompany.com,Ternopil,Female,206.16.115.84
119,Alexina,Beardwell,abeardwell3a@amazon.co.uk,Lviv,Female,190.203.77.98
120,Sharon,Wintringham,swintringham3b@issuu.com,Xarkiv,Female,198.234.117.73
121,Quinlan,Bearward,qbearward3c@nasa.gov,Zaporizhya,Male,161.137.36.99
122,Alex,Stockill,astockill3d@cyberchimps.com,Lytsk,Female,240.251.69.160
123,Modestia,Cregeen,mcregeen3e@51.la,Xarkiv,Female,18.181.22.76
124,Nigel,Haycroft,nhaycroft3f@webs.com,Ternopil,Male,210.63.89.149
125,Christoph,Eadmeades,ceadmeades3g@home.pl,Xarkiv,Male,222.83.226.114
126,Munmro,Wadworth,mwadworth3h@amazon.de,Zaporizhya,Male,88.175.9.15
127,Tobias,Davydkov,tdavydkov3i@cnn.com,Zaporizhya,Genderqueer,224.154.20.78
128,Antony,Gready,agready3j@desdev.cn,Lytsk,Male,236.159.63.167
129,Wiatt,Haysham,whaysham3k@prnewswire.com,Odesa,Male,11.216.223.14
130,Bria,Gowdie,bgowdie3l@csmonitor.com,Odesa,Female,178.182.47.39
131,Eugenie,Wellbank,ewellbank3m@fema.gov,Vinnucia,Female,237.60.128.175
132,Jobie,Widdows,jwiddows3n@tuttocitta.it,Ivano-Frankivsk,Female,200.59.159.153
133,Bettine,Fabb,bfabb3o@xinhuanet.com,Vinnucia,Genderqueer,69.14.108.141
134,Trever,Fairlaw,tfairlaw3p@ask.com,Dnipro,Male,75.129.244.71
135,Xylia,Krolle,xkrolle3q@patch.com,Dnipro,Female,208.161.3.103
136,Beau,Lecount,blecount3r@github.io,Lytsk,Agender,171.3.161.34
137,Ada,Jime,ajime3s@phoca.cz,Lviv,Female,193.214.84.85
138,Mellie,Elston,melston3t@cyberchimps.com,Lytsk,Female,129.226.85.194
139,Morley,Andrzej,mandrzej3u@msn.com,Lviv,Male,176.59.168.194
140,Percival,Ivey,pivey3v@google.fr,Dnipro,Male,251.213.242.146
141,Fedora,Bauman,fbauman3w@sitemeter.com,Xarkiv,Female,144.253.159.3
142,Joshia,Northing,jnorthing3x@comsenz.com,Kuiv,Male,32.133.101.230
143,Manda,Mattsson,mmattsson3y@gizmodo.com,Zaporizhya,Female,150.13.18.189
144,Ive,Grubbe,igrubbe3z@barnesandnoble.com,Zaporizhya,Male,244.76.237.28
145,Livia,Todd,ltodd40@google.nl,Ternopil,Female,99.233.108.129
146,Ardelis,d'
Elboux,adelboux41@seesaa.net,Dnipro,Female,173.223.171.5
147,Jeffie,Weine,jweine42@si.edu,Dnipro,Male,10.121.58.59
148,Parke,Bimrose,pbimrose43@state.tx.us,Dnipro,Male,254.91.219.206
149,Arthur,Warr,awarr44@salon.com,Odesa,Bigender,249.21.57.151
150,Micky,Lujan,mlujan45@liveinternet.ua,Zaporizhya,Male,64.158.196.224
151,Norry,Hertwell,nhertwell46@51.la,Ternopil,Male,39.117.245.4
152,Chadd,Dobbing,cdobbing47@tamu.edu,Odesa,Male,249.64.133.166
153,Sella,Bouch,sbouch48@istockphoto.com,Odesa,Female,160.227.0.110
154,Sheena,Pollington,spollington49@paginegialle.it,Zaporizhya,Polygender,26.39.62.9
155,Stephannie,Drable,sdrable4a@jiathis.com,Dnipro,Female,123.195.76.239
156,Xylina,Warlaw,xwarlaw4b@indiatimes.com,Kuiv,Female,88.78.101.42
157,Francine,Reveland,freveland4c@slideshare.net,Lytsk,Female,79.140.194.144
158,Iorgos,Mosson,imosson4d@amazon.co.jp,Xarkiv,Male,88.54.219.13
159,Idette,Kolyagin,ikolyagin4e@aol.com,Ternopil,Female,155.196.39.37
160,Zsa
zsa,Son,zson4f@unicef.org,Lviv,Female,35.38.168.221
161,Guntar,Mawman,gmawman4g@comcast.net,Vinnucia,Male,225.202.222.146
162,Alejandro,Woolway,awoolway4h@npr.org,Ternopil,Male,247.125.70.73
163,Gusella,Durtnal,gdurtnal4i@tinyurl.com,Zaporizhya,Female,204.181.130.169
164,Nathalia,Elstow,nelstow4j@state.gov,Dnipro,Female,13.30.178.2
165,Elton,Rodgman,erodgman4k@imgur.com,Lviv,Male,165.221.76.192
166,Kayla,Ivasyushkin,kivasyushkin4l@springer.com,Ternopil,Female,136.106.13.3
167,Orran,Bachelor,obachelor4m@odnoklassniki.ua,Zaporizhya,Male,209.158.61.114
168,Boyce,Roblett,broblett4n@discovery.com,Ivano-Frankivsk,Male,51.162.166.187
169,Kandy,Faulkner,kfaulkner4o@163.com,Lviv,Female,144.91.157.9
170,Emmery,Huertas,ehuertas4p@cnn.com,Ivano-Frankivsk,Male,101.177.201.209
171,Junia,Leacy,jleacy4q@abc.net.au,Zaporizhya,Female,151.34.1.146
172,Kale,Zecchinii,kzecchinii4r@toplist.cz,Ivano-Frankivsk,Male,202.6.123.117
173,Rozanne,Jouhan,rjouhan4s@hostgator.com,Lytsk,Female,249.29.102.36
174,Nevin,Swetenham,nswetenham4t@vinaora.com,Kuiv,Male,135.101.0.124
175,Bessie,Slayford,bslayford4u@nationalgeographic.com,Ternopil,Genderfluid,208.141.84.11
176,Rickard,Weavers,rweavers4v@posterous.com,Vinnucia,Male,139.96.22.231
177,Alverta,Mariaud,amariaud4w@netlog.com,Lviv,Female,54.104.233.119
178,Kyle,Jakes,kjakes4x@census.gov,Zaporizhya,Female,47.215.180.228
179,Winslow,Bloan,wbloan4y@google.it,Vinnucia,Genderfluid,240.2.91.130
180,Reid,Rubberts,rrubberts4z@spotify.com,Lytsk,Genderqueer,125.1.5.243
181,Griswold,Kilfoyle,gkilfoyle50@comsenz.com,Odesa,Male,233.132.196.167
182,Steven,Biagini,sbiagini51@purevolume.com,Vinnucia,Male,17.39.184.222
183,Jeanette,Joanaud,jjoanaud52@list-manage.com,Zaporizhya,Female,221.89.197.51
184,Rahal,Goodacre,rgoodacre53@slate.com,Kuiv,Female,153.218.56.46
185,Caryl,Gammage,cgammage54@wordpress.com,Kuiv,Female,172.129.212.15
186,Giusto,Janjusevic,gjanjusevic55@sina.com.cn,Xarkiv,Polygender,56.34.106.207
187,Deva,Ravenscroft,dravenscroft56@cam.ac.uk,Lytsk,Female,226.79.59.193
188,Erminie,Pentland,epentland57@blogger.com,Vinnucia,Female,228.94.150.223
189,Henry,Jewes,hjewes58@tuttocitta.it,Lviv,Male,9.22.28.48
190,Pail,Ingold,pingold59@springer.com,Vinnucia,Male,237.243.73.3
191,Kerry,Wilfinger,kwilfinger5a@skype.com,Odesa,Male,192.52.131.160
192,Corbett,O'Fihillie,cofihillie5b@cyberchimps.com,Vinnucia,Male,103.145.58.37
193,Nikolos,McMackin,nmcmackin5c@hubpages.com,Zaporizhya,Male,164.149.54.173
194,Karlotte,Zanicchi,kzanicchi5d@squarespace.com,Odesa,Female,24.132.233.81
195,Aldric,Byrom,abyrom5e@weebly.com,Ivano-Frankivsk,Male,23.133.97.5
196,Edmund,O'Scannill,eoscannill5f@devhub.com,Dnipro,Male,173.153.148.53
197,Sibylle,Abrahami,sabrahami5g@eepurl.com,Xarkiv,Female,102.20.248.3
198,Lesley,Fillgate,lfillgate5h@cocolog-nifty.com,Ternopil,Female,193.221.122.183
199,Gavra,Lewty,glewty5i@facebook.com,Odesa,Female,194.69.76.99
200,Adrea,Cambling,acambling5j@exblog.jp,Lytsk,Female,35.219.228.78
201,Aleksandr,Chantrell,achantrell5k@naver.com,Zaporizhya,Male,35.83.116.31
202,Ely,Turk,eturk5l@rakuten.co.jp,Odesa,Male,103.238.4.8
203,Virgie,Brigdale,vbrigdale5m@answers.com,Kuiv,Female,38.128.191.225
204,Blayne,Stears,bstears5n@qq.com,Odesa,Male,225.170.154.252
205,Gwenny,Betteriss,gbetteriss5o@jiathis.com,Zaporizhya,Female,40.75.198.91
206,Gracia,Cocks,gcocks5p@typepad.com,Xarkiv,Female,16.109.14.229
207,Lisetta,Boam,lboam5q@prnewswire.com,Zaporizhya,Female,136.36.180.152
208,Sim,Hoy,shoy5r@smh.com.au,Vinnucia,Male,122.61.69.240
209,Ondrea,Lawn,olawn5s@rediff.com,Lviv,Female,172.125.11.209
210,Shelley,Wordsley,swordsley5t@sphinn.com,Ternopil,Male,42.8.245.96
211,Randolph,Pevsner,rpevsner5u@tumblr.com,Kuiv,Male,242.89.240.7
212,Loleta,Jessen,ljessen5v@senate.gov,Kuiv,Female,103.149.225.224
213,Billie,Lindenbluth,blindenbluth5w@360.cn,Dnipro,Female,233.86.93.29
214,Carlotta,Keates,ckeates5x@flickr.com,Vinnucia,Female,43.48.17.172
215,Kali,Lowde,klowde5y@washington.edu,Lviv,Female,138.246.207.196
216,Bradan,Kraft,bkraft5z@noaa.gov,Odesa,Male,102.12.201.195
217,Sansone,Radclyffe,sradclyffe60@de.vu,Lytsk,Male,60.11.27.148
218,Sherill,Tierney,stierney61@cnet.com,Lytsk,Female,252.119.79.156
219,Jorgan,Scafe,jscafe62@soundcloud.com,Xarkiv,Male,247.36.45.117
220,Henrietta,Althrop,halthrop63@diigo.com,Xarkiv,Female,153.63.122.83
221,Inge,Nossent,inossent64@blogtalkradio.com,Odesa,Female,38.20.111.93
222,Lana,Petz,lpetz65@altervista.org,Lytsk,Female,249.120.162.204
223,Fancie,Bateman,fbateman66@dyndns.org,Xarkiv,Female,19.139.48.18
224,Flynn,Sertin,fsertin67@hhs.gov,Odesa,Male,12.62.1.177
225,Cherin,Cromb,ccromb68@geocities.jp,Zaporizhya,Female,40.116.224.112
226,Raymond,Skill,rskill69@ed.gov,Ternopil,Male,66.58.119.112
227,Alina,Penson,apenson6a@answers.com,Ternopil,Female,139.122.26.113
228,Judy,Mattschas,jmattschas6b@mac.com,Xarkiv,Female,236.76.205.15
229,Ilise,Patman,ipatman6c@biglobe.ne.jp,Ternopil,Female,254.14.60.109
230,Heall,Springtorpe,hspringtorpe6d@istockphoto.com,Xarkiv,Male,73.152.162.241
231,Casey,Abberley,cabberley6e@bbc.co.uk,Zaporizhya,Male,158.225.126.71
232,Jobina,Boldt,jboldt6f@prweb.com,Odesa,Female,36.237.84.93
233,Gilbert,Orrett,gorrett6g@e-recht24.de,Ivano-Frankivsk,Male,38.211.53.134
234,Valery,Van
Velde,vvanvelde6h@ihg.com,Odesa,Female,106.245.44.190
235,Rosina,Triggol,rtriggol6i@fc2.com,Ivano-Frankivsk,Female,214.99.223.204
236,Walther,Newlove,wnewlove6j@businesswire.com,Kuiv,Male,151.240.36.161
237,Rudie,Brixey,rbrixey6k@lycos.com,Lytsk,Male,173.79.18.200
238,Pepillo,Edmondson,pedmondson6l@surveymonkey.com,Vinnucia,Male,135.153.17.47
239,Deane,Fison,dfison6m@cisco.com,Zaporizhya,Male,6.33.210.96
240,Herb,Pleasance,hpleasance6n@woothemes.com,Dnipro,Genderqueer,225.106.231.224
241,Barty,Oley,boley6o@hugedomains.com,Ivano-Frankivsk,Male,188.243.195.50
242,Carolynn,Dongate,cdongate6p@exblog.jp,Lytsk,Female,17.31.183.156
243,Augie,Beccles,abeccles6q@weibo.com,Dnipro,Male,79.186.28.0
244,Kelsey,MacAndie,kmacandie6r@state.gov,Xarkiv,Male,168.128.66.53
245,Gavan,Boyen,gboyen6s@yellowbook.com,Vinnucia,Male,1.171.23.47
246,Iosep,Brobyn,ibrobyn6t@google.ca,Zaporizhya,Male,198.59.13.95
247,Ingelbert,Taaffe,itaaffe6u@cpanel.net,Dnipro,Male,63.19.69.209
248,Maud,Hodges,mhodges6v@shop-pro.jp,Xarkiv,Female,56.187.240.105
249,Urson,Million,umillion6w@netvibes.com,Xarkiv,Male,158.31.58.76
250,Rollie,Gilli,rgilli6x@hud.gov,Ternopil,Male,26.69.121.156
251,Carroll,MacDwyer,cmacdwyer6y@live.com,Ivano-Frankivsk,Bigender,140.50.24.121
252,Adrianna,Stoll,astoll6z@umich.edu,Lviv,Female,132.25.23.8
253,Fraser,Maccrea,fmaccrea70@about.me,Kuiv,Male,88.56.74.140
254,Reece,Narramore,rnarramore71@hud.gov,Odesa,Male,130.14.197.30
255,Niki,Thaxton,nthaxton72@fema.gov,Ternopil,Male,194.48.135.157
256,Cassy,Szwandt,cszwandt73@google.com.au,Vinnucia,Female,125.187.69.12
257,Perkin,Hullins,phullins74@t-online.de,Dnipro,Male,240.20.116.33
258,Jeremy,Watmore,jwatmore75@purevolume.com,Kuiv,Male,174.157.106.163
259,Rossie,Capnor,rcapnor76@prnewswire.com,Lviv,Male,46.232.164.229
260,Dyanne,Chew,dchew77@digg.com,Dnipro,Female,228.107.192.85
261,Nady,Hansard,nhansard78@bloglines.com,Lviv,Female,67.52.94.16
262,Andrea,Piff,apiff79@canalblog.com,Zaporizhya,Male,254.0.85.57
263,Hervey,Cranfield,hcranfield7a@cnn.com,Zaporizhya,Male,21.112.18.171
264,Renado,Jimes,rjimes7b@blinklist.com,Zaporizhya,Male,44.155.238.80
265,Garrard,Fisher,gfisher7c@de.vu,Odesa,Male,155.112.163.255
266,Beaufort,Simonetti,bsimonetti7d@jugem.jp,Zaporizhya,Male,58.219.248.197
267,Piper,Megson,pmegson7e@php.net,Zaporizhya,Female,76.68.129.92
268,Thibaut,Roddan,troddan7f@blinklist.com,Lytsk,Male,195.152.5.186
269,Leann,Hopewell,lhopewell7g@phpbb.com,Xarkiv,Non-binary,121.255.114.197
270,Kimmy,Bringloe,kbringloe7h@addthis.com,Ternopil,Female,159.91.10.41
271,Ollie,Raycroft,oraycroft7i@hp.com,Vinnucia,Female,72.143.42.152
272,Deana,Garred,dgarred7j@ucsd.edu,Ivano-Frankivsk,Female,24.154.172.88
273,Syman,McShirie,smcshirie7k@jigsy.com,Xarkiv,Agender,49.13.71.184
274,Noreen,Clewes,nclewes7l@abc.net.au,Lytsk,Female,240.48.5.49
275,Luke,Heiton,lheiton7m@economist.com,Ivano-Frankivsk,Polygender,87.195.228.244
276,Conan,Shoesmith,cshoesmith7n@domainmarket.com,Lviv,Male,212.250.210.61
277,Dorry,Winterburn,dwinterburn7o@sun.com,Dnipro,Female,147.102.52.154
278,Babita,Dust,bdust7p@opera.com,Xarkiv,Female,244.15.136.159
279,Orsola,Reeken,oreeken7q@ucoz.ua,Dnipro,Female,232.162.215.161
280,Cam,Coggan,ccoggan7r@msn.com,Ternopil,Male,193.81.70.229
281,Cindy,Pendock,cpendock7s@npr.org,Dnipro,Female,202.91.170.43
282,Geoffry,Itzkovitch,gitzkovitch7t@cpanel.net,Dnipro,Male,111.161.106.190
283,Netta,Parzizek,nparzizek7u@moonfruit.com,Odesa,Female,209.35.222.213
284,Wynne,Oxborrow,woxborrow7v@mashable.com,Lviv,Female,178.5.59.121
285,Marv,Tregidgo,mtregidgo7w@chron.com,Vinnucia,Male,89.118.102.171
286,Ula,Halms,uhalms7x@google.ua,Lytsk,Female,226.170.48.241
287,Tomasine,McLanaghan,tmclanaghan7y@nyu.edu,Ivano-Frankivsk,Female,3.62.158.68
288,Carlin,Lepick,clepick7z@goodreads.com,Ternopil,Female,86.88.8.47
289,Mindy,Jandac,mjandac80@chron.com,Lytsk,Female,63.244.128.228
290,Artur,Beckett,abeckett81@ebay.com,Xarkiv,Male,113.67.224.11
291,Sherri,Dilgarno,sdilgarno82@columbia.edu,Kuiv,Genderfluid,68.10.55.131
292,Mignon,Mapholm,mmapholm83@noaa.gov,Ternopil,Female,57.142.251.85
293,Hale,Antonijevic,hantonijevic84@globo.com,Odesa,Male,216.254.71.38
294,Angeline,Stollmeyer,astollmeyer85@yahoo.co.jp,Xarkiv,Non-binary,246.206.187.81
295,Herold,Meas,hmeas86@feedburner.com,Ternopil,Male,156.252.48.35
296,Remington,Flacknoe,rflacknoe87@newyorker.com,Lviv,Male,78.26.20.229
297,Skylar,Acton,sacton88@tinypic.com,Vinnucia,Male,212.161.205.76
298,Aron,Raynes,araynes89@wunderground.com,Zaporizhya,Male,36.245.92.154
299,Balduin,Ormshaw,bormshaw8a@canalblog.com,Zaporizhya,Male,12.252.155.89
300,Fransisco,O'Cuddie,focuddie8b@wufoo.com,Odesa,Male,133.24.203.113
301,Jacques,Maplesden,jmaplesden8c@slashdot.org,Lviv,Male,53.86.148.241
302,Chev,Forcer,cforcer8d@ustream.tv,Kuiv,Male,5.121.41.226
303,Minerva,Swinnerton,mswinnerton8e@twitpic.com,Xarkiv,Non-binary,80.151.103.177
304,Hugues,D'Adamo,hdadamo8f@webeden.co.uk,Lviv,Male,207.229.105.161
305,Sherilyn,Gilmartin,sgilmartin8g@weather.com,Zaporizhya,Female,6.23.49.141
306,Gerek,Clerk,gclerk8h@ow.ly,Odesa,Male,86.160.203.174
307,Wendeline,Cowin,wcowin8i@buzzfeed.com,Vinnucia,Agender,240.91.88.113
308,Reece,Fader,rfader8j@weebly.com,Zaporizhya,Male,200.205.130.211
309,Marillin,McAw,mmcaw8k@nymag.com,Xarkiv,Female,156.142.250.62
310,Jessi,Prangle,jprangle8l@yahoo.com,Xarkiv,Female,219.179.106.232
311,Selle,Branney,sbranney8m@nba.com,Vinnucia,Female,126.8.43.235
312,Cam,Ison,cison8n@gizmodo.com,Lytsk,Male,104.157.226.124
313,Blaire,Duckering,bduckering8o@ocn.ne.jp,Vinnucia,Female,1.52.40.176
314,Nanette,Caris,ncaris8p@mac.com,Xarkiv,Female,20.165.247.110
315,Michal,Edes,medes8q@admin.ch,Lviv,Female,120.126.240.104
316,Christin,Ferras,cferras8r@wp.com,Xarkiv,Female,171.47.56.223
317,Linn,Weighell,lweighell8s@usda.gov,Zaporizhya,Male,232.87.242.13
318,Silvester,Crankshaw,scrankshaw8t@noaa.gov,Vinnucia,Male,97.192.11.38
319,Lorene,Canter,lcanter8u@i2i.jp,Xarkiv,Female,4.195.109.15
320,Corbie,Turfitt,cturfitt8v@simplemachines.org,Vinnucia,Male,89.95.172.245
321,Cly,Langhorn,clanghorn8w@etsy.com,Zaporizhya,Male,167.7.155.80
322,Simon,Latchmore,slatchmore8x@aol.com,Lytsk,Male,110.28.173.109
323,Karlie,Ciccerale,kciccerale8y@nifty.com,Ivano-Frankivsk,Female,20.127.156.154
324,Sheffie,O'Sullivan,sosullivan8z@craigslist.org,Dnipro,Male,224.30.215.124
325,Aveline,Braunthal,abraunthal90@bluehost.com,Dnipro,Female,187.199.49.120
326,Asher,Mannering,amannering91@discuz.net,Kuiv,Male,91.32.155.151
327,Arielle,Slamaker,aslamaker92@tmall.com,Lviv,Female,152.114.209.149
328,Sofie,Martinuzzi,smartinuzzi93@dion.ne.jp,Ternopil,Female,79.147.121.175
329,Hillard,Doutch,hdoutch94@harvard.edu,Lviv,Male,45.162.213.229
330,Agretha,Coorington,acoorington95@furl.net,Ivano-Frankivsk,Female,158.113.210.93
331,Lucias,Gallimore,lgallimore96@lulu.com,Odesa,Male,18.240.157.70
332,Gaelan,Ciraldo,gciraldo97@nbcnews.com,Dnipro,Male,73.247.215.138
333,Lowe,Gini,lgini98@nsw.gov.au,Odesa,Male,2.57.83.149
334,Grover,Blenkin,gblenkin99@artisteer.com,Kuiv,Male,76.5.228.47
335,Sula,Bowland,sbowland9a@diigo.com,Lytsk,Female,22.189.215.83
336,Livvyy,Plumptre,lplumptre9b@purevolume.com,Odesa,Female,154.138.42.233
337,Willetta,Philipson,wphilipson9c@yellowbook.com,Ivano-Frankivsk,Female,81.237.6.178
338,Robert,Abelwhite,rabelwhite9d@virginia.edu,Xarkiv,Male,4.157.77.180
339,Millisent,Plant,mplant9e@fema.gov,Kuiv,Female,231.221.100.214
340,Lori,Seabourne,lseabourne9f@unc.edu,Dnipro,Female,111.152.204.100
341,Hilary,Huortic,hhuortic9g@timesonline.co.uk,Xarkiv,Genderqueer,213.27.37.86
342,Ammamaria,Jarlmann,ajarlmann9h@slideshare.net,Lytsk,Female,199.30.140.34
343,Persis,Marriott,pmarriott9i@sfgate.com,Xarkiv,Female,19.236.188.250
344,Gianina,Salmen,gsalmen9j@youtube.com,Ternopil,Female,46.111.80.150
345,Jammie,Krollman,jkrollman9k@tamu.edu,Kuiv,Female,26.140.231.127
346,Giorgio,Winterton,gwinterton9l@ca.gov,Vinnucia,Male,236.253.169.230
347,Gasparo,Borkin,gborkin9m@mail.ua,Zaporizhya,Male,151.205.19.223
348,Germaine,Red,gred9n@behance.net,Vinnucia,Female,53.219.172.233
349,Evaleen,Hansmann,ehansmann9o@github.com,Lytsk,Female,154.218.67.10
350,Josh,McCulloch,jmcculloch9p@bloglines.com,Zaporizhya,Male,228.209.60.203
351,Anestassia,Adamovsky,aadamovsky9q@acquirethisname.com,Ternopil,Female,43.239.110.91
352,Kelsey,Ker,kker9r@adobe.com,Kuiv,Female,61.223.5.246
353,Julianne,Lakin,jlakin9s@vk.com,Dnipro,Agender,232.240.216.233
354,Dian,Sillitoe,dsillitoe9t@stumbleupon.com,Ivano-Frankivsk,Female,186.134.78.170
355,Glori,Cass,gcass9u@harvard.edu,Lytsk,Female,56.211.58.16
356,Bebe,Ralestone,bralestone9v@youtu.be,Odesa,Polygender,87.86.152.199
357,Demetre,Rignold,drignold9w@dyndns.org,Ternopil,Male,119.230.220.140
358,Guglielmo,Pedlingham,gpedlingham9x@4shared.com,Zaporizhya,Male,237.202.178.52
359,Morna,Brookwood,mbrookwood9y@abc.net.au,Vinnucia,Female,170.255.172.31
360,Carree,Smalley,csmalley9z@topsy.com,Xarkiv,Female,83.194.253.157
361,Daphne,Old,dolda0@nhs.uk,Vinnucia,Female,195.180.96.205
362,Waylon,Llewellin,wllewellina1@wsj.com,Zaporizhya,Male,187.236.146.196
363,Lurlene,Wanek,lwaneka2@comsenz.com,Xarkiv,Female,109.200.28.92
364,Collette,Creeboe,ccreeboea3@storify.com,Zaporizhya,Female,179.224.91.225
365,Raviv,Hazleton,rhazletona4@bing.com,Lviv,Male,3.156.70.21
366,Jervis,Grafom,jgrafoma5@com.com,Odesa,Male,130.187.68.36
367,Ruthann,Ritelli,rritellia6@squidoo.com,Zaporizhya,Female,19.183.150.184
368,Roddy,Ughini,rughinia7@pinterest.com,Dnipro,Male,167.215.129.55
369,Erda,Brien,ebriena8@amazon.co.jp,Odesa,Female,166.191.13.50
370,Jeanna,Lempenny,jlempennya9@zimbio.com,Ternopil,Female,58.154.160.115
371,Melantha,Coad,mcoadaa@dot.gov,Vinnucia,Agender,154.103.200.136
372,Vassili,Kalinsky,vkalinskyab@ucla.edu,Lytsk,Male,42.156.250.223
373,Corina,Tudor,ctudorac@hubpages.com,Odesa,Female,131.243.220.178
374,Tamarah,Devers,tdeversad@ezinearticles.com,Lytsk,Female,199.130.203.231
375,Esta,Allett,eallettae@infoseek.co.jp,Ivano-Frankivsk,Female,225.18.91.8
376,Buckie,MacQueen,bmacqueenaf@harvard.edu,Zaporizhya,Non-binary,131.225.226.84
377,Burty,Newlands,bnewlandsag@myspace.com,Lviv,Male,40.110.92.109
378,Bethanne,Merle,bmerleah@360.cn,Xarkiv,Female,133.44.171.46
379,Bud,Hunnable,bhunnableai@ebay.co.uk,Dnipro,Male,69.249.193.229
380,Amble,Norwood,anorwoodaj@hibu.com,Odesa,Male,76.15.211.101
381,Isak,Reburn,ireburnak@cbsnews.com,Ternopil,Male,30.9.123.212
382,Tania,Allsobrook,tallsobrookal@bing.com,Kuiv,Female,239.118.30.137
383,Irwin,Sofe,isofeam@example.com,Kuiv,Male,143.79.156.22
384,Darlene,Avramow,davramowan@jigsy.com,Lviv,Female,93.156.22.116
385,Leeland,Govini,lgoviniao@networksolutions.com,Kuiv,Male,173.29.67.97
386,Dex,Farreil,dfarreilap@unesco.org,Xarkiv,Male,208.158.131.161
387,Sandy,Meyer,smeyeraq@devhub.com,Odesa,Female,189.29.186.159
388,Kerwin,Karpets,kkarpetsar@csmonitor.com,Kuiv,Male,246.12.203.167
389,Giffer,Gyppes,ggyppesas@sphinn.com,Zaporizhya,Male,108.14.164.93
390,Marissa,Brisard,mbrisardat@jugem.jp,Dnipro,Female,106.192.155.12
391,Winnie,Wasielewski,wwasielewskiau@istockphoto.com,Ternopil,Female,105.128.37.117
392,Suzette,Fuge,sfugeav@edublogs.org,Lviv,Female,197.32.138.152
393,Koenraad,Wanklyn,kwanklynaw@state.gov,Zaporizhya,Male,162.157.33.220
394,Gertrud,Anger,gangerax@berkeley.edu,Dnipro,Female,167.74.5.23
395,Emmalynn,Teck,eteckay@webmd.com,Ivano-Frankivsk,Female,221.96.32.154
396,Nesta,Westoff,nwestoffaz@washingtonpost.com,Xarkiv,Female,244.18.13.80
397,Bertie,Stuttard,bstuttardb0@acquirethisname.com,Zaporizhya,Male,137.164.194.230
398,Meara,Fernie,mfernieb1@cnbc.com,Dnipro,Female,84.116.192.63
399,Chere,Braybrook,cbraybrookb2@youtube.com,Xarkiv,Female,181.81.141.79
400,Yuma,Callard,ycallardb3@nytimes.com,Ivano-Frankivsk,Male,95.110.129.116
401,Phyllys,Breward,pbrewardb4@about.com,Lviv,Genderfluid,130.15.47.176
402,Emanuel,Cello,ecellob5@noaa.gov,Zaporizhya,Male,1.229.122.69
403,Archibald,Gatiss,agatissb6@tuttocitta.it,Kuiv,Male,110.181.23.243
404,Oralia,Fydo,ofydob7@freewebs.com,Kuiv,Female,9.109.217.24
405,Bobine,Huchot,bhuchotb8@tripadvisor.com,Ivano-Frankivsk,Female,137.217.198.0
406,Candie,Feore,cfeoreb9@cdc.gov,Kuiv,Female,155.57.89.128
407,Rik,Retchless,rretchlessba@amazon.co.jp,Lviv,Male,150.138.55.131
408,Jaquelyn,Martt,jmarttbb@histats.com,Lytsk,Female,56.127.128.128
409,Andris,Creed,acreedbc@digg.com,Ternopil,Male,108.91.33.141
410,Tynan,Sor,tsorbd@skyrock.com,Dnipro,Male,146.188.16.115
411,Yves,Geraldo,ygeraldobe@dell.com,Vinnucia,Male,196.108.94.177
412,Vite,Hitzke,vhitzkebf@163.com,Lytsk,Male,194.241.39.14
413,Jemie,Samet,jsametbg@biblegateway.com,Zaporizhya,Female,95.19.22.49
414,Lowe,Feron,lferonbh@deliciousdays.com,Vinnucia,Male,143.182.220.1
415,Findley,Carlaw,fcarlawbi@dagondesign.com,Odesa,Male,25.101.173.223
416,Nolie,Bloan,nbloanbj@prweb.com,Ternopil,Female,86.195.143.27
417,Kettie,Doogue,kdooguebk@g.co,Vinnucia,Female,25.118.161.4
418,Tybi,Eouzan,teouzanbl@jimdo.com,Kuiv,Female,9.164.117.109
419,Jacky,Randlesome,jrandlesomebm@dell.com,Odesa,Non-binary,116.237.63.199
420,Cleopatra,Verrell,cverrellbn@netvibes.com,Xarkiv,Female,160.62.35.146
421,Rachelle,Burhill,rburhillbo@yolasite.com,Odesa,Female,210.150.226.63
422,Marin,Fronsek,mfronsekbp@acquirethisname.com,Dnipro,Female,77.169.187.66
423,Romona,Lanceter,rlanceterbq@usa.gov,Xarkiv,Female,46.5.36.232
424,Kipp,Gagg,kgaggbr@opera.com,Zaporizhya,Female,42.6.183.77
425,Patti,Watmore,pwatmorebs@va.gov,Xarkiv,Agender,43.104.209.126
426,Liliane,Bamborough,lbamboroughbt@bloglovin.com,Kuiv,Female,59.144.232.171
427,Aldus,Charrette,acharrettebu@forbes.com,Vinnucia,Male,101.36.101.1
428,Ellary,Buttwell,ebuttwellbv@taobao.com,Zaporizhya,Male,72.25.206.15
429,Trumann,Cumbers,tcumbersbw@gizmodo.com,Odesa,Male,208.171.2.3
430,Conant,Hebdon,chebdonbx@goo.gl,Dnipro,Male,75.113.160.52
431,Graham,Gatus,ggatusby@forbes.com,Lytsk,Male,253.109.129.77
432,Garnet,Corneck,gcorneckbz@prweb.com,Xarkiv,Female,226.165.70.91
433,Marla,Christofor,mchristoforc0@latimes.com,Odesa,Non-binary,177.7.75.107
434,Rosalind,Chaim,rchaimc1@gizmodo.com,Kuiv,Female,57.148.44.52
435,Ailsun,Belk,abelkc2@smugmug.com,Lytsk,Female,70.31.137.224
436,Benton,Prando,bprandoc3@blinklist.com,Lviv,Polygender,192.179.213.179
437,Electra,Antoons,eantoonsc4@unicef.org,Xarkiv,Female,92.23.43.238
438,Taite,Theakston,ttheakstonc5@hibu.com,Lytsk,Male,161.132.78.241
439,Emmalynne,Jaycox,ejaycoxc6@bloglovin.com,Ivano-Frankivsk,Female,196.96.217.172
440,Venus,Chyuerton,vchyuertonc7@hp.com,Zaporizhya,Female,143.75.45.44
441,Doy,Chudleigh,dchudleighc8@latimes.com,Xarkiv,Male,113.91.85.78
442,Michelina,Ashdown,mashdownc9@istockphoto.com,Lytsk,Female,100.211.1.96
443,Tremayne,De
Banke,tdebankeca@w3.org,Dnipro,Male,38.54.197.228
444,Dee,Cullinan,dcullinancb@domainmarket.com,Lytsk,Female,52.6.229.198
445,Heidi,Collelton,hcolleltoncc@weather.com,Zaporizhya,Female,225.167.234.0
446,Hermie,MacNulty,hmacnultycd@nps.gov,Dnipro,Male,231.10.217.129
447,Eyde,Kitcherside,ekitchersidece@prnewswire.com,Dnipro,Female,186.32.168.161
448,Alvie,Babinski,ababinskicf@parallels.com,Lviv,Male,248.158.66.5
449,Calhoun,Sirman,csirmancg@clickbank.net,Lviv,Genderqueer,252.126.77.173
450,Reyna,Segar,rsegarch@elegantthemes.com,Vinnucia,Female,173.47.88.72
451,Gelya,Goare,ggoareci@nationalgeographic.com,Odesa,Female,55.164.245.72
452,Alberta,Aslen,aaslencj@canalblog.com,Ternopil,Female,50.141.179.197
453,Vivia,Laytham,vlaythamck@netvibes.com,Lviv,Female,208.238.145.204
454,Desirae,Bellelli,dbellellicl@desdev.cn,Ternopil,Female,135.33.85.82
455,Randall,Thorp,rthorpcm@godaddy.com,Ternopil,Male,77.66.239.52
456,Maribelle,Hansill,mhansillcn@uol.com.br,Vinnucia,Female,81.141.131.31
457,Gavrielle,Wogan,gwoganco@alexa.com,Lviv,Polygender,110.70.173.254
458,Amery,Papachristophorou,apapachristophoroucp@imgur.com,Zaporizhya,Male,239.21.241.28
459,Saunders,Buckoke,sbuckokecq@msn.com,Ternopil,Genderfluid,164.80.76.152
460,Donalt,Breawood,dbreawoodcr@eventbrite.com,Odesa,Male,9.172.38.73
461,Drugi,Bahlmann,dbahlmanncs@china.com.cn,Dnipro,Male,44.40.126.152
462,Marianne,Basek,mbasekct@google.com.br,Odesa,Female,230.12.94.128
463,Louella,Truelock,ltruelockcu@prweb.com,Zaporizhya,Female,160.254.214.163
464,Giorgio,Snaddon,gsnaddoncv@dot.gov,Lviv,Male,191.222.209.170
465,Araldo,Khomishin,akhomishincw@posterous.com,Odesa,Male,101.144.12.196
466,Gage,Biers,gbierscx@shutterfly.com,Dnipro,Male,253.52.146.23
467,Nevil,Diggles,ndigglescy@unblog.fr,Ivano-Frankivsk,Male,11.224.231.156
468,Billy,Lightollers,blightollerscz@howstuffworks.com,Ternopil,Female,120.17.54.179
469,Ernesto,Andrea,eandread0@mlb.com,Lviv,Male,206.133.186.59
470,Colly,Yeaman,cyeamand1@home.pl,Zaporizhya,Genderfluid,72.79.27.134
471,Ab,Landeaux,alandeauxd2@parallels.com,Xarkiv,Male,200.132.54.210
472,Bord,Lambis,blambisd3@oakley.com,Kuiv,Male,154.242.143.98
473,Jobye,Borrott,jborrottd4@t-online.de,Ivano-Frankivsk,Female,143.87.157.207
474,York,Bastone,ybastoned5@cisco.com,Ivano-Frankivsk,Male,53.27.103.118
475,Babs,Foottit,bfoottitd6@gizmodo.com,Ivano-Frankivsk,Female,245.202.187.250
476,Minor,Rippin,mrippind7@desdev.cn,Ivano-Frankivsk,Male,77.241.33.49
477,Isabella,Fairebrother,ifairebrotherd8@google.nl,Ivano-Frankivsk,Female,136.87.135.24
478,Lenee,Tappington,ltappingtond9@hubpages.com,Odesa,Female,63.199.200.51
479,Anne,Gilardengo,agilardengoda@mashable.com,Lviv,Female,194.97.50.254
480,Finn,Batson,fbatsondb@elegantthemes.com,Lviv,Male,54.119.79.159
481,Barnie,Scantlebury,bscantleburydc@myspace.com,Ternopil,Male,223.44.110.34
482,Dylan,Coverly,dcoverlydd@seesaa.net,Zaporizhya,Male,29.130.78.39
483,Adriaens,Dybald,adybaldde@blogtalkradio.com,Kuiv,Female,185.111.232.160
484,Mitchel,Metzke,mmetzkedf@hatena.ne.jp,Lytsk,Male,47.47.189.213
485,Eldin,Constantine,econstantinedg@apple.com,Odesa,Male,29.20.165.130
486,Fergus,O'Cooney,focooneydh@youku.com,Vinnucia,Genderqueer,93.234.115.205
487,Dotty,Mathie,dmathiedi@npr.org,Ternopil,Female,238.155.204.219
488,Jemima,Franscioni,jfranscionidj@timesonline.co.uk,Vinnucia,Genderfluid,12.145.212.155
489,Daryl,Clifford,dclifforddk@dagondesign.com,Ivano-Frankivsk,Female,117.59.20.62
490,Elle,Evason,eevasondl@independent.co.uk,Ivano-Frankivsk,Female,241.77.113.9
491,Hillel,Suerz,hsuerzdm@adobe.com,Xarkiv,Male,178.105.211.51
492,Lucilia,Pyott,lpyottdn@posterous.com,Zaporizhya,Female,2.138.176.173
493,Ardenia,Paynter,apaynterdo@harvard.edu,Dnipro,Female,46.104.229.6
494,Akim,Toppes,atoppesdp@plala.or.jp,Ivano-Frankivsk,Male,186.158.43.38
495,Fanechka,Mennell,fmennelldq@springer.com,Xarkiv,Bigender,70.111.184.21
496,Levon,Schollick,lschollickdr@cpanel.net,Dnipro,Male,69.122.252.232
497,Madelaine,MacKessock,mmackessockds@nature.com,Ivano-Frankivsk,Female,107.2.74.215
498,Tracie,De
Morena,tdemorenadt@hugedomains.com,Vinnucia,Male,40.78.180.66
499,Shir,Curtain,scurtaindu@yahoo.co.jp,Lytsk,Female,4.97.27.228
500,Octavia,Skacel,oskaceldv@flickr.com,Ivano-Frankivsk,Female,56.56.17.139
501,Laurence,Fernao,lfernaodw@ameblo.jp,Dnipro,Male,90.9.189.58
502,Markos,Haggerty,mhaggertydx@freewebs.com,Ivano-Frankivsk,Male,26.215.234.196
503,Tiebout,Leek,tleekdy@home.pl,Ivano-Frankivsk,Male,61.137.243.38
504,Kylie,Wiggam,kwiggamdz@acquirethisname.com,Vinnucia,Male,29.72.28.219
505,Lane,Hillaby,lhillabye0@chron.com,Odesa,Male,154.121.151.245
506,Ranice,Rattenbury,rrattenburye1@jalbum.net,Ternopil,Female,228.124.6.237
507,Lizzie,Brehaut,lbrehaute2@devhub.com,Ivano-Frankivsk,Female,212.161.180.224
508,Betty,Whye,bwhyee3@blogs.com,Lytsk,Female,18.223.9.197
509,Jack,Tesmond,jtesmonde4@xrea.com,Kuiv,Male,14.225.153.221
510,Orrin,Deerness,odeernesse5@furl.net,Lytsk,Male,15.8.7.255
511,Hort,Dowse,hdowsee6@slideshare.net,Vinnucia,Male,33.217.67.36
512,Monro,Hartrick,mhartricke7@youtube.com,Lytsk,Male,216.247.179.52
513,Chad,Crimin,ccrimine8@elegantthemes.com,Lviv,Male,66.144.98.126
514,Murray,Minard,mminarde9@angelfire.com,Dnipro,Male,219.152.132.12
515,Nerty,Scotchford,nscotchfordea@techcrunch.com,Lytsk,Female,75.112.7.154
516,Tiebout,Doll,tdolleb@umich.edu,Ivano-Frankivsk,Male,65.86.20.190
517,Fletcher,Tulk,ftulkec@google.it,Zaporizhya,Genderfluid,61.59.177.114
518,Courtnay,Bonner,cbonnered@globo.com,Ternopil,Male,9.169.118.244
519,Alvy,Boughton,aboughtonee@yolasite.com,Odesa,Male,28.116.6.177
520,Demetri,Sellar,dsellaref@xing.com,Lytsk,Male,203.165.143.79
521,Ambrosio,Skelhorn,askelhorneg@amazon.co.jp,Xarkiv,Male,74.37.209.220
522,Harli,Shivlin,hshivlineh@archive.org,Zaporizhya,Genderfluid,195.139.178.246
523,Germain,Ritzman,gritzmanei@yellowpages.com,Ternopil,Female,41.72.252.252
524,Ardra,Barrabeale,abarrabealeej@forbes.com,Xarkiv,Female,122.130.55.233
525,Sid,McBeith,smcbeithek@usgs.gov,Lytsk,Male,148.253.212.192
526,Haven,Bradock,hbradockel@marriott.com,Dnipro,Male,85.65.107.3
527,Thaddus,Toynbee,ttoynbeeem@blogtalkradio.com,Zaporizhya,Male,91.47.143.131
528,Auberta,Seage,aseageen@newsvine.com,Lviv,Female,120.121.248.21
529,Gibby,Andreoletti,gandreolettieo@dailymail.co.uk,Kuiv,Bigender,59.30.150.244
530,Josephina,Houliston,jhoulistonep@stanford.edu,Lytsk,Female,10.129.153.142
531,Esra,Minker,eminkereq@ebay.co.uk,Kuiv,Male,51.253.24.225
532,Jenifer,Bigly,jbiglyer@eventbrite.com,Zaporizhya,Female,179.151.179.83
533,Geneva,Wroth,gwrothes@topsy.com,Zaporizhya,Agender,86.85.25.90
534,Brocky,Cridland,bcridlandet@washington.edu,Ivano-Frankivsk,Male,36.211.104.6
535,Blinny,Hobbema,bhobbemaeu@whitehouse.gov,Lviv,Female,176.62.47.207
536,Rodolphe,Filewood,rfilewoodev@biblegateway.com,Odesa,Male,119.24.243.37
537,Jeno,Kilduff,jkilduffew@twitter.com,Xarkiv,Male,132.2.145.161
538,Cordelie,Stoffler,cstofflerex@stanford.edu,Zaporizhya,Genderfluid,211.86.39.6
539,Bradly,Nickerson,bnickersoney@kickstarter.com,Ternopil,Male,85.224.107.24
540,Janie,Wanstall,jwanstallez@mapy.cz,Dnipro,Female,14.10.15.89
541,Sianna,MacAdie,smacadief0@nifty.com,Odesa,Female,58.235.160.24
542,Valli,Grishunin,vgrishuninf1@noaa.gov,Dnipro,Female,35.210.103.195
543,Willey,Incogna,wincognaf2@paypal.com,Vinnucia,Male,136.198.50.25
544,Rica,Boothby,rboothbyf3@live.com,Zaporizhya,Female,101.128.15.28
545,Desi,Stubbeley,dstubbeleyf4@hexun.com,Lytsk,Male,36.223.224.10
546,Carolynn,Hanhardt,chanhardtf5@list-manage.com,Vinnucia,Female,46.240.35.58
547,Shirl,Weiss,sweissf6@hubpages.com,Lytsk,Genderqueer,100.102.217.212
548,Chanda,Cometson,ccometsonf7@nydailynews.com,Xarkiv,Female,6.73.52.237
549,Raoul,Haggata,rhaggataf8@paginegialle.it,Lytsk,Male,55.75.29.26
550,Alley,Coslitt,acoslittf9@drupal.org,Vinnucia,Male,140.198.74.170
551,Marabel,Jenicek,mjenicekfa@yolasite.com,Odesa,Female,74.77.77.110
552,Abbey,Koschke,akoschkefb@yellowbook.com,Ivano-Frankivsk,Male,244.97.172.11
553,Pepito,Fawlks,pfawlksfc@engadget.com,Lviv,Male,209.216.203.208
554,Alexandro,Plank,aplankfd@unblog.fr,Vinnucia,Male,101.79.27.165
555,Wendi,Sherbrook,wsherbrookfe@google.com.au,Ivano-Frankivsk,Female,226.27.137.151
556,Noel,Courtonne,ncourtonneff@state.gov,Lytsk,Male,155.108.125.202
557,Laurens,Westall,lwestallfg@aol.com,Ternopil,Male,139.109.5.193
558,Desiree,Kinch,dkinchfh@microsoft.com,Zaporizhya,Female,206.2.251.50
559,Wiatt,Worman,wwormanfi@com.com,Dnipro,Male,97.13.174.59
560,Laurens,Curnick,lcurnickfj@example.com,Xarkiv,Male,163.21.111.7
561,Worden,Hollier,whollierfk@drupal.org,Lviv,Male,75.91.214.117
562,Stanfield,Dowd,sdowdfl@bravesites.com,Vinnucia,Male,22.213.251.10
563,Paddy,Gibb,pgibbfm@nps.gov,Lviv,Male,247.149.135.159
564,Netta,Rizzello,nrizzellofn@pbs.org,Kuiv,Female,236.113.207.166
565,Athena,Nelsey,anelseyfo@ebay.com,Vinnucia,Female,103.105.22.106
566,Willabella,Reddington,wreddingtonfp@geocities.com,Dnipro,Female,224.77.138.4
567,Jereme,Britney,jbritneyfq@jiathis.com,Lytsk,Male,209.248.71.148
568,Gypsy,Datte,gdattefr@stanford.edu,Ternopil,Female,85.208.87.36
569,Nita,Loughlan,nloughlanfs@ameblo.jp,Lviv,Female,18.189.44.53
570,Stanwood,Josephi,sjosephift@prlog.org,Ivano-Frankivsk,Male,118.73.227.12
571,Lorri,Limmer,llimmerfu@fotki.com,Ternopil,Female,251.66.169.197
572,Chicky,Pauleau,cpauleaufv@comsenz.com,Kuiv,Female,159.199.164.200
573,Fabio,Noyes,fnoyesfw@tinyurl.com,Ivano-Frankivsk,Male,85.250.231.204
574,Mitchel,Loudyan,mloudyanfx@twitpic.com,Ternopil,Male,202.56.254.14
575,Mareah,McCord,mmccordfy@cornell.edu,Lviv,Female,104.81.233.210
576,Gerek,Bertome,gbertomefz@mozilla.com,Kuiv,Male,65.170.0.30
577,Shell,Swatheridge,sswatheridgeg0@uol.com.br,Odesa,Male,41.156.114.112
578,Georgie,Ingerith,gingerithg1@google.ca,Dnipro,Female,197.135.133.130
579,Phedra,Spink,pspinkg2@feedburner.com,Dnipro,Female,127.172.236.55
580,Shanon,Shickle,sshickleg3@google.com.br,Ternopil,Bigender,251.50.116.20
581,Sterling,Penlington,spenlingtong4@mayoclinic.com,Zaporizhya,Male,113.159.143.24
582,Oralee,Bartles,obartlesg5@vistaprint.com,Dnipro,Female,227.56.122.7
583,Fiorenze,Archambault,farchambaultg6@taobao.com,Kuiv,Non-binary,91.23.48.26
584,Juanita,Slay,jslayg7@goo.ne.jp,Kuiv,Female,123.252.235.166
585,Jeannette,Vampouille,jvampouilleg8@blinklist.com,Odesa,Female,82.233.15.186
586,Chandra,Lodder,clodderg9@ed.gov,Zaporizhya,Female,59.180.225.243
587,Elianora,Huikerby,ehuikerbyga@dailymail.co.uk,Ternopil,Female,253.233.191.220
588,Stanislas,Knibbs,sknibbsgb@sitemeter.com,Xarkiv,Male,153.246.248.39
589,Gunter,Lantuffe,glantuffegc@illinois.edu,Xarkiv,Genderfluid,148.76.216.118
590,Clio,Tilling,ctillinggd@sogou.com,Vinnucia,Female,72.48.99.212
591,Korrie,Mardle,kmardlege@ameblo.jp,Xarkiv,Female,169.217.35.209
592,Brendon,Wynn,bwynngf@java.com,Lviv,Male,100.57.213.69
593,Owen,Tybalt,otybaltgg@discuz.net,Xarkiv,Male,0.110.168.46
594,Drusie,Shickle,dshicklegh@chicagotribune.com,Zaporizhya,Female,204.227.235.125
595,Harley,Killick,hkillickgi@nydailynews.com,Xarkiv,Female,51.56.228.212
596,Gibb,Braley,gbraleygj@omniture.com,Xarkiv,Male,116.53.243.110
597,Terese,Chattell,tchattellgk@wufoo.com,Lviv,Non-binary,119.101.74.167
598,Pepito,Embery,pemberygl@t-online.de,Ternopil,Male,234.249.213.190
599,Dun,Eliyahu,deliyahugm@nydailynews.com,Kuiv,Genderfluid,193.90.133.162
600,Trista,Eborn,teborngn@springer.com,Lviv,Female,43.243.15.132
601,Aggi,Veltmann,aveltmanngo@webmd.com,Kuiv,Female,95.0.79.56
602,Orazio,Wanjek,owanjekgp@theguardian.com,Lytsk,Male,222.241.47.195
603,Quinn,Gwilym,qgwilymgq@homestead.com,Zaporizhya,Male,167.76.251.247
604,Eustacia,McGuff,emcguffgr@seattletimes.com,Xarkiv,Female,191.49.14.245
605,Lelah,Hopfer,lhopfergs@lycos.com,Lytsk,Female,217.181.192.47
606,Burtie,Fellenor,bfellenorgt@ehow.com,Zaporizhya,Male,102.29.133.158
607,Valera,Karpe,vkarpegu@topsy.com,Ivano-Frankivsk,Female,5.106.224.73
608,Opaline,Stiles,ostilesgv@ft.com,Lytsk,Agender,213.151.212.76
609,Rodolphe,Bilbey,rbilbeygw@reference.com,Ternopil,Male,48.127.100.206
610,Gerri,de
Bullion,gdebulliongx@slashdot.org,Lytsk,Female,61.37.180.232
611,Barr,Christophersen,bchristophersengy@bloglines.com,Ivano-Frankivsk,Male,162.30.237.152
612,Jerrilyn,Carluccio,jcarlucciogz@xing.com,Lviv,Female,1.24.139.96
613,Aylmar,Mirfin,amirfinh0@macromedia.com,Ternopil,Male,62.249.152.112
614,Alfonse,Greason,agreasonh1@1und1.de,Odesa,Male,13.205.185.254
615,Haley,Dawidsohn,hdawidsohnh2@ameblo.jp,Kuiv,Female,241.184.63.48
616,Michel,Treven,mtrevenh3@trellian.com,Dnipro,Female,209.1.85.244
617,Rolland,Doerling,rdoerlingh4@hatena.ne.jp,Lytsk,Male,214.91.209.107
618,Gradeigh,McGriffin,gmcgriffinh5@wordpress.com,Odesa,Male,83.23.98.1
619,Kaleb,Rumke,krumkeh6@irs.gov,Lviv,Male,172.229.35.254
620,Lea,Balcombe,lbalcombeh7@npr.org,Zaporizhya,Female,27.69.210.133
621,Monty,Bentke,mbentkeh8@globo.com,Xarkiv,Male,89.157.187.223
622,Riannon,Guiot,rguioth9@mlb.com,Zaporizhya,Female,240.79.169.121
623,Moishe,Bodesson,mbodessonha@google.nl,Xarkiv,Male,27.227.109.139
624,Mavra,Feitosa,mfeitosahb@theguardian.com,Zaporizhya,Female,178.7.156.88
625,Goddart,Creasey,gcreaseyhc@wikimedia.org,Odesa,Male,116.114.188.206
626,Rorie,Ayton,raytonhd@youku.com,Lytsk,Female,79.81.114.255
627,Shoshanna,Menat,smenathe@mashable.com,Lviv,Female,13.43.98.164
628,Cosette,Matteotti,cmatteottihf@naver.com,Ivano-Frankivsk,Female,136.9.131.112
629,Renado,Unworth,runworthhg@nydailynews.com,Ternopil,Male,58.49.53.123
630,Thebault,Ayshford,tayshfordhh@gmpg.org,Odesa,Male,72.189.5.152
631,Joaquin,Brislen,jbrislenhi@cyberchimps.com,Vinnucia,Male,132.199.28.243
632,Kyrstin,Bigrigg,kbigrigghj@ustream.tv,Xarkiv,Female,42.140.252.243
633,Clerissa,Banasiak,cbanasiakhk@java.com,Ternopil,Female,74.197.138.216
634,Jarrad,Bocke,jbockehl@jugem.jp,Ternopil,Male,148.219.131.248
635,Holly-anne,Bonicelli,hbonicellihm@fema.gov,Xarkiv,Female,200.221.99.248
636,Claiborne,Khalid,ckhalidhn@github.com,Ternopil,Male,87.40.133.177
637,Dud,Vernay,dvernayho@mapy.cz,Dnipro,Male,185.15.106.137
638,Abdul,Vickers,avickershp@a8.net,Vinnucia,Male,62.176.96.245
639,Lannie,Mudie,lmudiehq@noaa.gov,Ivano-Frankivsk,Male,3.107.47.168
640,Jermaine,Figin,jfiginhr@twitpic.com,Xarkiv,Male,181.18.23.164
641,Rosita,Hemphall,rhemphallhs@cam.ac.uk,Odesa,Female,236.145.97.86
642,Gifford,Kervin,gkervinht@purevolume.com,Lviv,Male,33.238.31.5
643,Jephthah,Kidby,jkidbyhu@livejournal.com,Xarkiv,Male,18.209.209.234
644,Marcille,Kelshaw,mkelshawhv@naver.com,Lviv,Female,115.53.91.189
645,Erik,Larkkem,elarkkemhw@bloomberg.com,Dnipro,Male,116.24.44.34
646,Justine,Tuxill,jtuxillhx@xinhuanet.com,Lytsk,Female,135.6.11.34
647,Urson,Laurand,ulaurandhy@examiner.com,Vinnucia,Male,86.87.246.102
648,Ximenez,Braley,xbraleyhz@oakley.com,Kuiv,Male,55.185.93.139
649,Carlyle,Christley,cchristleyi0@cbsnews.com,Zaporizhya,Polygender,227.35.73.116
650,Yardley,Glazebrook,yglazebrooki1@bbb.org,Lytsk,Male,2.52.221.33
651,Lonnie,Darte,ldartei2@privacy.gov.au,Lytsk,Male,37.88.103.161
652,Lavinia,Kincey,lkinceyi3@163.com,Vinnucia,Female,87.85.88.174
653,Mickie,Fansy,mfansyi4@fotki.com,Ternopil,Male,4.15.245.197
654,Iosep,Petyt,ipetyti5@goo.gl,Dnipro,Bigender,65.49.202.99
655,Allys,Macallam,amacallami6@cbc.ca,Kuiv,Female,198.94.59.205
656,Sylvan,Mines,sminesi7@icio.us,Lytsk,Male,127.206.41.192
657,Haskel,Ovid,hovidi8@delicious.com,Dnipro,Male,132.18.189.157
658,Roana,Geharke,rgeharkei9@macromedia.com,Dnipro,Female,180.18.172.45
659,Rosaline,MacGovern,rmacgovernia@topsy.com,Xarkiv,Female,26.183.125.16
660,Ranna,Ewell,rewellib@infoseek.co.jp,Vinnucia,Female,249.223.47.155
661,Sebastiano,McGahey,smcgaheyic@dedecms.com,Vinnucia,Male,151.31.90.224
662,Annie,Enbury,aenburyid@hatena.ne.jp,Ternopil,Female,219.161.102.187
663,Cynthy,Chominski,cchominskiie@altervista.org,Kuiv,Female,149.39.218.181
664,Jerri,Escolme,jescolmeif@washington.edu,Lviv,Male,150.237.79.19
665,Pippo,Duignan,pduignanig@newsvine.com,Odesa,Male,94.60.163.87
666,Donia,Pawlett,dpawlettih@ovh.net,Kuiv,Female,253.53.185.62
667,Goldi,Geering,ggeeringii@nationalgeographic.com,Lytsk,Female,250.106.252.217
668,Quintin,Ruffles,qrufflesij@cmu.edu,Zaporizhya,Male,128.161.119.170
669,Melania,Fonzone,mfonzoneik@census.gov,Vinnucia,Female,156.226.171.252
670,Ardelia,O'Corrigane,aocorriganeil@house.gov,Dnipro,Female,12.209.127.120
671,Cyndi,Perassi,cperassiim@gov.uk,Ternopil,Female,10.197.254.210
672,Hillery,Maruska,hmaruskain@blogger.com,Ivano-Frankivsk,Male,176.200.102.168
673,Horatius,Fasler,hfaslerio@mediafire.com,Dnipro,Male,153.186.84.12
674,Keene,Hourston,khourstonip@eepurl.com,Ternopil,Male,16.102.91.33
675,Maggee,McLucas,mmclucasiq@senate.gov,Lviv,Female,149.90.130.147
676,Darrell,Volk,dvolkir@slashdot.org,Vinnucia,Agender,47.120.247.216
677,Markus,Silversmidt,msilversmidtis@techcrunch.com,Odesa,Male,147.184.101.88
678,Karoly,Peterson,kpetersonit@tinyurl.com,Ivano-Frankivsk,Male,223.166.2.252
679,Nikoletta,Priestner,npriestneriu@t-online.de,Vinnucia,Genderfluid,243.255.200.177
680,Blane,Clyant,bclyantiv@opera.com,Ivano-Frankivsk,Male,237.186.221.237
681,Rachael,Ferneley,rferneleyiw@mozilla.com,Lviv,Female,11.247.41.237
682,Berrie,Levy,blevyix@free.fr,Vinnucia,Female,25.74.43.173
683,Agnola,Vaisey,avaiseyiy@cloudflare.com,Ternopil,Female,167.33.223.33
684,Tammie,Sheardown,tsheardowniz@amazon.co.jp,Kuiv,Bigender,135.185.90.239
685,Baldwin,Pollett,bpollettj0@japanpost.jp,Dnipro,Polygender,218.28.207.236
686,Page,Wilbore,pwilborej1@umn.edu,Vinnucia,Female,59.41.242.196
687,Chane,Tournay,ctournayj2@mozilla.com,Odesa,Male,180.34.206.181
688,Ichabod,Ceillier,iceillierj3@cloudflare.com,Zaporizhya,Male,52.86.143.10
689,Madelyn,Boreham,mborehamj4@webeden.co.uk,Kuiv,Female,28.152.78.118
690,Pascale,O'Loinn,poloinnj5@pinterest.com,Lviv,Male,68.106.87.193
691,Madelaine,Fennick,mfennickj6@so-net.ne.jp,Kuiv,Female,198.215.91.76
692,Laurie,Hurndall,lhurndallj7@wordpress.org,Ternopil,Female,101.148.201.19
693,Luce,Brend,lbrendj8@baidu.com,Zaporizhya,Female,148.218.140.143
694,Gran,Furney,gfurneyj9@meetup.com,Lytsk,Male,110.68.88.4
695,Gibb,Boraston,gborastonja@smugmug.com,Zaporizhya,Male,15.16.63.208
696,Esta,Simenon,esimenonjb@hubpages.com,Ivano-Frankivsk,Female,230.67.177.20
697,Ryan,Orrom,rorromjc@cornell.edu,Dnipro,Male,231.114.190.2
698,Lamont,Trigwell,ltrigwelljd@prnewswire.com,Lviv,Male,251.32.15.154
699,Olva,Voce,ovoceje@163.com,Zaporizhya,Female,132.177.31.188
700,Kirk,Bettley,kbettleyjf@yahoo.com,Lytsk,Male,35.239.214.129
701,Pier,Matejovsky,pmatejovskyjg@soundcloud.com,Vinnucia,Female,206.56.136.241
702,Lucas,Pimbley,lpimbleyjh@state.gov,Kuiv,Male,220.61.118.128
703,Carola,Driffill,cdriffillji@china.com.cn,Kuiv,Female,136.221.55.168
704,Monica,Wickens,mwickensjj@studiopress.com,Zaporizhya,Female,173.103.248.21
705,Nancey,Kift,nkiftjk@si.edu,Xarkiv,Female,250.164.149.146
706,Mario,Fumagallo,mfumagallojl@spiegel.de,Vinnucia,Male,11.238.89.219
707,Tori,Tiffany,ttiffanyjm@unesco.org,Ivano-Frankivsk,Polygender,148.29.56.116
708,Cleavland,Goldstraw,cgoldstrawjn@bloomberg.com,Dnipro,Male,91.214.226.109
709,Rosamond,Dillingham,rdillinghamjo@cpanel.net,Zaporizhya,Female,176.169.220.9
710,Ingelbert,Waddy,iwaddyjp@is.gd,Xarkiv,Male,92.80.243.255
711,Zebadiah,Muffen,zmuffenjq@geocities.com,Vinnucia,Male,232.120.112.157
712,Angelita,Osborn,aosbornjr@etsy.com,Ivano-Frankivsk,Female,90.138.158.111
713,Ozzie,Standring,ostandringjs@friendfeed.com,Zaporizhya,Male,51.235.78.157
714,Torey,Dittson,tdittsonjt@over-blog.com,Lviv,Male,10.110.192.187
715,Modesta,Woodrup,mwoodrupju@freewebs.com,Odesa,Female,158.246.90.245
716,Lavinie,Lowndes,llowndesjv@surveymonkey.com,Ternopil,Female,60.170.213.182
717,Phillis,Kinglesyd,pkinglesydjw@youtube.com,Dnipro,Female,200.186.253.136
718,Wright,Bucky,wbuckyjx@constantcontact.com,Xarkiv,Male,68.238.98.230
719,Dorice,Ciccone,dcicconejy@seesaa.net,Odesa,Female,21.186.211.46
720,Scot,Campanelli,scampanellijz@cornell.edu,Lytsk,Male,242.233.208.31
721,Fayina,Olijve,folijvek0@e-recht24.de,Lviv,Female,128.209.192.95
722,Lolly,Kalkhoven,lkalkhovenk1@un.org,Ivano-Frankivsk,Female,17.94.10.94
723,Emmit,Saull,esaullk2@macromedia.com,Dnipro,Male,73.91.97.254
724,Alys,Tracy,atracyk3@joomla.org,Dnipro,Polygender,60.5.4.66
725,Port,Enrietto,penriettok4@yolasite.com,Odesa,Male,135.187.3.14
726,Kim,Hammerich,khammerichk5@timesonline.co.uk,Kuiv,Male,192.83.244.156
727,Paquito,Gilding,pgildingk6@whitehouse.gov,Xarkiv,Male,56.159.124.191
728,Silva,Raoul,sraoulk7@posterous.com,Ivano-Frankivsk,Female,249.167.77.215
729,Felita,Matchett,fmatchettk8@drupal.org,Vinnucia,Female,205.180.47.174
730,Emlynne,Rickets,ericketsk9@thetimes.co.uk,Kuiv,Female,154.225.241.147
731,Leilah,Russi,lrussika@arizona.edu,Zaporizhya,Female,198.3.152.40
732,Gweneth,Tarry,gtarrykb@sogou.com,Lytsk,Female,192.81.238.178
733,Jacobo,Florio,jfloriokc@macromedia.com,Zaporizhya,Male,15.245.133.222
734,Bobbie,Gonzales,bgonzaleskd@t-online.de,Odesa,Female,48.166.22.130
735,Antonino,Liversedge,aliversedgeke@cnn.com,Lviv,Male,208.62.249.233
736,Roseann,Ellesmere,rellesmerekf@hubpages.com,Kuiv,Female,148.180.248.227
737,Alonzo,Tompkinson,atompkinsonkg@slate.com,Vinnucia,Male,194.101.208.230
738,Bertie,Shalders,bshalderskh@mashable.com,Odesa,Female,178.219.173.236
739,Wallis,Olifard,wolifardki@soup.io,Odesa,Female,91.159.149.19
740,Aeriell,Pickersgill,apickersgillkj@slate.com,Zaporizhya,Female,238.10.86.235
741,Danella,Boffey,dboffeykk@unicef.org,Ivano-Frankivsk,Polygender,145.134.160.179
742,Ram,Corder,rcorderkl@wp.com,Odesa,Male,20.201.161.208
743,Humfrid,Postance,hpostancekm@tumblr.com,Vinnucia,Male,107.198.68.111
744,Thornton,Lansbury,tlansburykn@cornell.edu,Lytsk,Male,130.186.136.237
745,Henry,Challis,hchallisko@pcworld.com,Dnipro,Male,159.207.0.84
746,Cooper,Baile,cbailekp@tuttocitta.it,Vinnucia,Male,43.79.39.65
747,Sophi,Soles,ssoleskq@mayoclinic.com,Lviv,Female,95.225.59.135
748,Darin,Morsley,dmorsleykr@who.int,Dnipro,Male,145.181.180.47
749,Brett,Kollaschek,bkollaschekks@cornell.edu,Lviv,Female,58.231.168.57
750,Ryan,Beetham,rbeethamkt@naver.com,Xarkiv,Male,25.193.77.18
751,Thoma,Hutcheon,thutcheonku@bloglines.com,Dnipro,Male,168.41.118.9
752,Rosette,Atteridge,ratteridgekv@friendfeed.com,Dnipro,Female,76.1.9.111
753,Deina,Simonassi,dsimonassikw@geocities.jp,Zaporizhya,Female,219.108.64.35
754,Kipp,Eagland,keaglandkx@jiathis.com,Xarkiv,Male,17.231.90.123
755,Orv,Pounds,opoundsky@blog.com,Vinnucia,Male,126.93.190.79
756,Rockwell,Hollyard,rhollyardkz@addtoany.com,Kuiv,Male,38.34.45.181
757,Shalna,Halfhyde,shalfhydel0@reference.com,Zaporizhya,Female,59.48.212.165
758,Lenard,Hannigane,lhanniganel1@soup.io,Kuiv,Male,130.138.106.176
759,Margie,Arr,marrl2@hc360.com,Lytsk,Female,162.188.197.190
760,Sinclare,Jansie,sjansiel3@devhub.com,Odesa,Male,80.56.249.19
761,Grady,Jerrand,gjerrandl4@umn.edu,Dnipro,Male,4.254.245.67
762,Stacy,Swatheridge,sswatheridgel5@etsy.com,Lviv,Female,198.217.104.56
763,Lari,Lively,llivelyl6@github.com,Dnipro,Female,51.242.128.168
764,Maryrose,Bourhill,mbourhilll7@princeton.edu,Ivano-Frankivsk,Female,254.171.85.59
765,Bail,Bellini,bbellinil8@yolasite.com,Dnipro,Male,85.189.33.31
766,Burr,Sapson,bsapsonl9@cmu.edu,Ternopil,Male,130.192.157.225
767,Mikael,Rorke,mrorkela@wordpress.org,Lviv,Male,176.89.146.234
768,Kev,Eliet,kelietlb@amazon.co.jp,Dnipro,Male,100.160.35.146
769,Melisenda,Rudolf,mrudolflc@thetimes.co.uk,Dnipro,Female,157.35.112.21
770,Zerk,Gyford,zgyfordld@free.fr,Lytsk,Male,174.130.85.31
771,Joseph,Bernadot,jbernadotle@issuu.com,Vinnucia,Agender,160.194.233.200
772,Bonnee,Pomfrett,bpomfrettlf@ucoz.ua,Xarkiv,Female,96.52.67.153
773,Libbi,Queen,lqueenlg@webs.com,Dnipro,Female,185.23.201.100
774,Alexandre,Northedge,anorthedgelh@japanpost.jp,Kuiv,Male,39.75.186.45
775,Moise,Yeldham,myeldhamli@weather.com,Kuiv,Male,79.190.106.156
776,Raynor,Vaneev,rvaneevlj@spiegel.de,Ternopil,Male,108.7.77.116
777,Chandal,Alywen,calywenlk@alibaba.com,Zaporizhya,Female,242.95.147.52
778,Roselia,Furmedge,rfurmedgell@bandcamp.com,Lviv,Female,137.121.93.34
779,Clim,Briddock,cbriddocklm@cbsnews.com,Xarkiv,Male,10.159.236.208
780,Kayla,Cawdery,kcawderyln@stanford.edu,Dnipro,Female,131.242.122.248
781,Alfons,Beckhurst,abeckhurstlo@paginegialle.it,Ternopil,Male,50.164.79.161
782,Hinze,Allatt,hallattlp@netvibes.com,Dnipro,Male,95.9.164.43
783,Quinta,Wigginton,qwiggintonlq@nih.gov,Ivano-Frankivsk,Female,170.200.226.192
784,Loutitia,Phillippo,lphillippolr@vinaora.com,Vinnucia,Female,98.115.54.225
785,Ardis,Mewha,amewhals@google.ca,Zaporizhya,Female,197.38.198.248
786,Reggis,Friel,rfriellt@gov.uk,Lytsk,Male,182.30.213.51
787,Dilly,Scarman,dscarmanlu@nps.gov,Xarkiv,Non-binary,192.75.37.98
788,Karlen,Whittam,kwhittamlv@blogtalkradio.com,Xarkiv,Genderfluid,191.239.147.94
789,Conway,Goad,cgoadlw@dagondesign.com,Lytsk,Male,59.153.75.254
790,Heath,Fink,hfinklx@nbcnews.com,Lytsk,Male,164.239.51.45
791,Bartie,Howie,bhowiely@mlb.com,Zaporizhya,Male,193.75.126.15
792,Lilly,Crammy,lcrammylz@theguardian.com,Zaporizhya,Female,243.119.193.8
793,Trude,Duckit,tduckitm0@howstuffworks.com,Odesa,Female,133.37.0.50
794,Deane,Mulles,dmullesm1@1und1.de,Vinnucia,Female,165.118.245.24
795,Brandy,Scorrer,bscorrerm2@sun.com,Zaporizhya,Male,10.216.233.82
796,Catharina,Maudsley,cmaudsleym3@a8.net,Kuiv,Female,9.117.21.135
797,Korry,Cocker,kcockerm4@issuu.com,Lytsk,Female,42.31.214.25
798,Teressa,Spaduzza,tspaduzzam5@hostgator.com,Lviv,Female,143.48.33.221
799,Roanne,Aleshintsev,raleshintsevm6@wisc.edu,Dnipro,Female,115.38.25.203
800,Johnathan,Camp,jcampm7@unesco.org,Odesa,Male,116.225.67.9
801,Benjie,Conklin,bconklinm8@jalbum.net,Lytsk,Male,224.50.100.103
802,Filippo,Dunsmuir,fdunsmuirm9@guardian.co.uk,Ivano-Frankivsk,Male,108.136.164.80
803,Wilfred,Lynnett,wlynnettma@hud.gov,Odesa,Male,217.142.15.7
804,Talbot,Bohlin,tbohlinmb@china.com.cn,Ternopil,Male,150.81.252.247
805,Shina,Isakov,sisakovmc@vinaora.com,Odesa,Female,161.249.242.86
806,Janetta,Pierton,jpiertonmd@ovh.net,Vinnucia,Agender,176.194.11.94
807,West,Avramovitz,wavramovitzme@census.gov,Lytsk,Male,242.95.133.203
808,Dyana,Fiveash,dfiveashmf@trellian.com,Lviv,Female,190.202.35.119
809,Conny,Noor,cnoormg@aboutads.info,Lviv,Male,32.101.230.223
810,Stephi,Fetherby,sfetherbymh@hc360.com,Lytsk,Female,19.99.34.33
811,Danica,Cristoferi,dcristoferimi@google.de,Ivano-Frankivsk,Female,152.99.168.225
812,Tamarra,Fishpoole,tfishpoolemj@barnesandnoble.com,Zaporizhya,Female,16.209.2.239
813,Bartie,Linger,blingermk@dion.ne.jp,Kuiv,Male,235.48.29.78
814,Nadine,Pinwell,npinwellml@issuu.com,Odesa,Female,232.231.57.163
815,Melisande,Eblein,mebleinmm@eepurl.com,Vinnucia,Female,91.243.115.248
816,Dion,Crosscombe,dcrosscombemn@ebay.co.uk,Ternopil,Female,31.217.36.105
817,Sadie,Habberjam,shabberjammo@devhub.com,Kuiv,Female,114.95.142.144
818,Gregorio,Crevy,gcrevymp@123-reg.co.uk,Ternopil,Male,232.42.69.31
819,Vladamir,Matschoss,vmatschossmq@usa.gov,Ivano-Frankivsk,Male,17.219.194.214
820,Antin,Vanichkin,avanichkinmr@wired.com,Kuiv,Male,82.38.207.220
821,Enid,Esberger,eesbergerms@slate.com,Lytsk,Female,245.188.97.224
822,Ashley,Lamport,alamportmt@ameblo.jp,Zaporizhya,Female,115.0.53.60
823,Ekaterina,Tollmache,etollmachemu@xrea.com,Dnipro,Female,146.241.81.146
824,Wallache,Fowden,wfowdenmv@parallels.com,Zaporizhya,Male,64.96.134.58
825,Tatum,Fries,tfriesmw@live.com,Xarkiv,Female,25.110.207.51
826,Maxie,Dickons,mdickonsmx@yandex.ua,Lytsk,Female,19.226.199.7
827,Gabby,Sinclair,gsinclairmy@people.com.cn,Vinnucia,Male,39.250.47.236
828,Nadeen,Barbosa,nbarbosamz@virginia.edu,Ivano-Frankivsk,Female,136.7.92.130
829,Filia,Bullion,fbullionn0@newsvine.com,Lytsk,Female,80.250.236.50
830,Lebbie,Congram,lcongramn1@blinklist.com,Ivano-Frankivsk,Female,250.32.94.138
831,Kennie,Keller,kkellern2@dailymail.co.uk,Lviv,Male,127.99.118.5
832,Caryn,Ormonde,cormonden3@technorati.com,Odesa,Female,184.187.113.60
833,Orel,Nossent,onossentn4@weibo.com,Ivano-Frankivsk,Female,77.145.111.91
834,Cyril,Korn,ckornn5@ucoz.ua,Lviv,Male,126.109.95.169
835,Ole,Bauer,obauern6@msn.com,Odesa,Male,154.176.15.120
836,Pippy,McJarrow,pmcjarrown7@bravesites.com,Lviv,Genderqueer,66.7.62.241
837,Inez,Muino,imuinon8@dagondesign.com,Ivano-Frankivsk,Female,199.115.100.137
838,Zollie,Birch,zbirchn9@example.com,Ivano-Frankivsk,Male,216.122.136.145
839,Jana,Vipan,jvipanna@godaddy.com,Lviv,Female,177.213.228.19
840,Alys,Marians,amariansnb@xinhuanet.com,Xarkiv,Female,196.34.145.48
841,Sharyl,Furmedge,sfurmedgenc@mediafire.com,Kuiv,Female,147.17.254.217
842,Trenton,Boot,tbootnd@princeton.edu,Dnipro,Male,162.79.4.158
843,Rodolphe,Armfirld,rarmfirldne@multiply.com,Lytsk,Male,199.33.15.119
844,Borden,Pryce,bprycenf@clickbank.net,Dnipro,Male,97.223.92.181
845,Brier,Sealand,bsealandng@nydailynews.com,Vinnucia,Polygender,121.191.18.45
846,Niels,Josofovitz,njosofovitznh@washington.edu,Zaporizhya,Male,127.138.61.209
847,Winny,Jarrette,wjarretteni@flickr.com,Kuiv,Male,80.157.238.154
848,Orran,Rookesby,orookesbynj@sfgate.com,Ivano-Frankivsk,Male,21.239.241.233
849,Banky,Beeck,bbeecknk@weibo.com,Lytsk,Male,187.254.37.230
850,Mignon,Squibbes,msquibbesnl@google.es,Lviv,Female,98.212.35.88
851,Garth,Barkley,gbarkleynm@latimes.com,Lviv,Male,77.221.124.172
852,Gregory,OIlier,goiliernn@simplemachines.org,Ternopil,Male,247.23.111.164
853,Jeffie,Mayworth,jmayworthno@patch.com,Xarkiv,Male,41.186.178.118
854,Harry,Sainthill,hsainthillnp@imdb.com,Lytsk,Male,206.143.8.133
855,Marlene,Haitlie,mhaitlienq@nyu.edu,Ternopil,Non-binary,215.119.209.61
856,Nataline,Pope,npopenr@dell.com,Ternopil,Bigender,53.189.128.29
857,Roley,Buckell,rbuckellns@t-online.de,Vinnucia,Male,198.185.101.104
858,Rycca,Ballin,rballinnt@zdnet.com,Zaporizhya,Polygender,185.119.19.33
859,Rossy,Facey,rfaceynu@cnbc.com,Zaporizhya,Male,131.15.20.201
860,Raeann,Stollenberg,rstollenbergnv@vk.com,Dnipro,Female,140.38.50.85
861,Shanie,Gammack,sgammacknw@sourceforge.net,Lviv,Female,22.218.243.4
862,Calley,Rikard,crikardnx@reuters.com,Odesa,Non-binary,152.81.17.82
863,Renaldo,Little,rlittleny@narod.ua,Ternopil,Male,7.162.169.250
864,Marlow,Cranshaw,mcranshawnz@surveymonkey.com,Ternopil,Male,108.103.59.117
865,Horatio,Simeonov,hsimeonovo0@simplemachines.org,Vinnucia,Male,163.128.159.179
866,Blisse,Moore,bmooreo1@ted.com,Zaporizhya,Female,91.188.93.41
867,Fey,Reglar,freglaro2@amazon.co.uk,Zaporizhya,Female,0.128.180.207
868,Tallie,Moretto,tmorettoo3@zdnet.com,Vinnucia,Female,120.209.107.141
869,Levin,Boller,lbollero4@si.edu,Kuiv,Male,41.5.26.34
870,Joanna,Vink,jvinko5@miitbeian.gov.cn,Lytsk,Genderqueer,222.165.251.247
871,Edeline,Maunder,emaundero6@friendfeed.com,Lviv,Female,165.216.31.160
872,Deni,Sherburn,dsherburno7@pbs.org,Lytsk,Female,9.119.47.206
873,Aurelie,Halloway,ahallowayo8@army.mil,Vinnucia,Agender,171.241.194.52
874,Abram,Hordle,ahordleo9@answers.com,Zaporizhya,Male,188.193.211.250
875,Charity,Robertz,crobertzoa@themeforest.net,Ivano-Frankivsk,Female,139.78.187.220
876,Saunderson,Husband,shusbandob@google.com,Kuiv,Male,241.151.162.182
877,Templeton,Rogeon,trogeonoc@yandex.ua,Xarkiv,Male,90.213.212.36
878,Pippo,Linkin,plinkinod@yahoo.com,Zaporizhya,Male,65.55.214.170
879,Marty,Meriet,mmerietoe@elpais.com,Vinnucia,Male,111.154.152.149
880,Carlynn,Tubble,ctubbleof@google.co.jp,Vinnucia,Female,26.147.32.155
881,Fredra,Huortic,fhuorticog@list-manage.com,Zaporizhya,Female,208.135.67.193
882,Helenka,Gawkroge,hgawkrogeoh@businesswire.com,Ivano-Frankivsk,Female,68.1.125.206
883,Pincus,Mansuer,pmansueroi@xing.com,Zaporizhya,Male,88.247.169.5
884,Dalton,Willingale,dwillingaleoj@hubpages.com,Lviv,Male,165.166.239.242
885,Cheston,Leupoldt,cleupoldtok@clickbank.net,Zaporizhya,Male,106.147.182.118
886,Joanie,Ranking,jrankingol@ifeng.com,Odesa,Female,42.179.199.254
887,Merle,Garrick,mgarrickom@comcast.net,Ternopil,Male,2.214.163.48
888,Dennison,Couser,dcouseron@qq.com,Ternopil,Male,224.179.80.21
889,Ottilie,Petric,opetricoo@creativecommons.org,Xarkiv,Female,138.106.156.227
890,Obadias,Brugsma,obrugsmaop@cdbaby.com,Ivano-Frankivsk,Male,49.224.26.78
891,Chen,Blankenship,cblankenshipoq@vkontakte.ua,Zaporizhya,Male,12.207.218.26
892,Mikey,Hegdonne,mhegdonneor@mlb.com,Ternopil,Male,219.190.213.116
893,Kaine,Grinyov,kgrinyovos@irs.gov,Lviv,Male,70.241.100.215
894,Gardie,Topley,gtopleyot@tinyurl.com,Zaporizhya,Bigender,245.30.118.153
895,Jackie,Raithby,jraithbyou@dell.com,Vinnucia,Female,157.242.162.180
896,Dilly,Theobald,dtheobaldov@dion.ne.jp,Ivano-Frankivsk,Male,156.65.174.14
897,Peyter,Beri,pberiow@google.co.jp,Dnipro,Male,158.129.160.135
898,Charley,Washbrook,cwashbrookox@shutterfly.com,Ternopil,Male,230.240.176.93
899,Herve,Harhoff,hharhoffoy@tripod.com,Ivano-Frankivsk,Male,79.161.17.1
900,Perry,Russo,prussooz@europa.eu,Zaporizhya,Female,121.135.200.76
901,Michaeline,Towers,mtowersp0@weather.com,Vinnucia,Non-binary,190.194.166.95
902,Arlena,Portch,aportchp1@taobao.com,Vinnucia,Female,152.62.54.237
903,Doe,Castillou,dcastilloup2@seattletimes.com,Lviv,Female,159.185.21.231
904,Janina,Redgrave,jredgravep3@mlb.com,Ivano-Frankivsk,Female,74.19.182.104
905,Lucilia,Maccari,lmaccarip4@technorati.com,Vinnucia,Female,174.54.73.187
906,Matilda,Arnaldi,marnaldip5@discuz.net,Zaporizhya,Female,99.199.206.157
907,Lynne,Mathe,lmathep6@google.it,Zaporizhya,Agender,73.205.249.210
908,Emlyn,Layus,elayusp7@salon.com,Kuiv,Male,113.147.4.188
909,Kerrin,Heiden,kheidenp8@ucsd.edu,Xarkiv,Female,54.122.20.78
910,Mort,Willmot,mwillmotp9@multiply.com,Vinnucia,Male,66.159.148.207
911,Benn,Strevens,bstrevenspa@samsung.com,Odesa,Male,127.120.148.168
912,Wandis,O'Nolan,wonolanpb@nyu.edu,Ternopil,Female,44.231.234.29
913,Mirabel,Smails,msmailspc@bloglines.com,Odesa,Female,40.201.36.87
914,Rafaela,De
Filippis,rdefilippispd@macromedia.com,Vinnucia,Female,229.33.140.104
915,Elora,Cranmere,ecranmerepe@reddit.com,Odesa,Female,250.26.193.132
916,Tiebout,Deverale,tdeveralepf@baidu.com,Dnipro,Male,3.192.221.77
917,Stanislaus,Rossant,srossantpg@joomla.org,Lytsk,Male,10.69.238.149
918,Hilton,Corke,hcorkeph@barnesandnoble.com,Xarkiv,Male,200.156.18.91
919,Tye,Carcass,tcarcasspi@whitehouse.gov,Lviv,Male,81.53.96.159
920,Homer,Mumm,hmummpj@cam.ac.uk,Ternopil,Male,138.227.120.244
921,Nealon,Boumphrey,nboumphreypk@accuweather.com,Dnipro,Male,103.138.98.87
922,Oralia,Troppmann,otroppmannpl@ed.gov,Dnipro,Female,31.246.14.91
923,Johnna,Kyles,jkylespm@yahoo.co.jp,Zaporizhya,Female,46.92.134.102
924,Paule,McIlwrick,pmcilwrickpn@amazonaws.com,Vinnucia,Agender,82.158.197.250
925,Muriel,Boate,mboatepo@seattletimes.com,Lytsk,Female,35.183.73.92
926,Tracey,Burnham,tburnhampp@mayoclinic.com,Ternopil,Female,216.51.14.34
927,Sibyl,Kornyakov,skornyakovpq@livejournal.com,Dnipro,Male,249.96.69.51
928,Chucho,Maron,cmaronpr@dagondesign.com,Ivano-Frankivsk,Male,66.195.226.211
929,Cathi,Van
Brug,cvanbrugps@buzzfeed.com,Vinnucia,Female,17.109.39.5
930,Ebeneser,Guile,eguilept@dyndns.org,Odesa,Genderqueer,199.68.104.253
931,Kira,Langstrath,klangstrathpu@live.com,Vinnucia,Female,247.217.182.106
932,Timofei,Duggan,tdugganpv@msu.edu,Xarkiv,Male,87.126.206.154
933,Vallie,Dyke,vdykepw@dailymotion.com,Ternopil,Female,34.50.166.57
934,Meier,Bould,mbouldpx@sbwire.com,Kuiv,Male,141.196.205.105
935,Dorice,Garrity,dgarritypy@mail.ua,Dnipro,Female,86.7.87.159
936,Zebulon,Veel,zveelpz@indiegogo.com,Dnipro,Male,85.42.136.28
937,Stanfield,Arnald,sarnaldq0@amazonaws.com,Xarkiv,Male,151.179.30.12
938,Ophelie,Edelheid,oedelheidq1@ifeng.com,Lytsk,Female,235.20.155.46
939,Bidget,Amyes,bamyesq2@biblegateway.com,Ternopil,Non-binary,233.146.10.186
940,Ronna,Adnams,radnamsq3@about.me,Lviv,Female,199.47.0.84
941,Lyda,Summerson,lsummersonq4@smugmug.com,Ivano-Frankivsk,Female,171.163.65.12
942,Basilio,Kinneally,bkinneallyq5@cargocollective.com,Lviv,Male,85.250.177.14
943,Wait,Simonyi,wsimonyiq6@constantcontact.com,Zaporizhya,Male,190.17.231.115
944,Maddie,Gaynsford,mgaynsfordq7@altervista.org,Vinnucia,Female,80.166.108.227
945,Cristal,Caverhill,ccaverhillq8@discuz.net,Xarkiv,Female,40.119.197.174
946,Shayne,McLorinan,smclorinanq9@fotki.com,Ivano-Frankivsk,Male,169.220.191.226
947,Haroun,Haskayne,hhaskayneqa@tmall.com,Ternopil,Male,56.174.52.145
948,Tam,Hanratty,thanrattyqb@etsy.com,Ivano-Frankivsk,Male,70.77.51.66
949,Alexio,Varey,avareyqc@mac.com,Lytsk,Male,56.152.189.204
950,Dorotea,Reding,dredingqd@blinklist.com,Ternopil,Female,39.138.210.40
951,Sandor,Volett,svolettqe@wikispaces.com,Odesa,Male,142.8.166.15
952,Emeline,Folli,efolliqf@npr.org,Odesa,Agender,180.226.67.76
953,Wood,Dewick,wdewickqg@mail.ua,Kuiv,Male,46.65.149.135
954,Ario,Batterton,abattertonqh@techcrunch.com,Lytsk,Male,88.110.224.63
955,Marge,Matiewe,mmatieweqi@nhs.uk,Ternopil,Female,93.115.118.4
956,Milli,Molder,mmolderqj@alibaba.com,Kuiv,Female,1.156.27.73
957,Rock,Jumeau,rjumeauqk@360.cn,Lytsk,Male,108.228.103.67
958,Brynna,Norcliffe,bnorcliffeql@reuters.com,Vinnucia,Female,85.202.246.14
959,Catlin,Dimeloe,cdimeloeqm@naver.com,Ivano-Frankivsk,Female,115.67.228.13
960,Lorry,Megany,lmeganyqn@shop-pro.jp,Ivano-Frankivsk,Female,116.27.183.177
961,Sigfried,Hopkins,shopkinsqo@angelfire.com,Lytsk,Male,231.7.192.36
962,Josephina,Georgel,jgeorgelqp@google.ua,Kuiv,Female,93.21.118.17
963,Nicolas,Worland,nworlandqq@slideshare.net,Odesa,Male,234.48.72.17
964,Ab,Coull,acoullqr@webs.com,Lviv,Male,36.234.200.11
965,Casandra,Fenech,cfenechqs@kickstarter.com,Xarkiv,Female,167.30.13.37
966,Euphemia,Lynnitt,elynnittqt@webeden.co.uk,Lytsk,Female,191.110.255.100
967,Terrel,Rambaut,trambautqu@mayoclinic.com,Kuiv,Male,133.228.98.85
968,Oswald,McSwan,omcswanqv@nhs.uk,Lviv,Male,225.46.53.25
969,Hertha,Ashall,hashallqw@washingtonpost.com,Kuiv,Female,174.54.50.220
970,Urban,Ornillos,uornillosqx@gov.uk,Kuiv,Male,179.88.245.173
971,Freida,Maria,fmariaqy@surveymonkey.com,Xarkiv,Female,31.85.196.202
972,Isabeau,Cometto,icomettoqz@printfriendly.com,Zaporizhya,Female,108.169.106.120
973,Hans,Andreev,handreevr0@amazonaws.com,Odesa,Male,202.91.23.117
974,Willie,Guiness,wguinessr1@merriam-webster.com,Vinnucia,Non-binary,127.186.209.17
975,Tuck,Ivantyev,tivantyevr2@bing.com,Lytsk,Male,27.239.187.95
976,Kayla,Shallcroff,kshallcroffr3@creativecommons.org,Xarkiv,Female,14.243.197.107
977,Zitella,Elliman,zellimanr4@creativecommons.org,Ivano-Frankivsk,Female,147.106.57.90
978,Bethanne,Puddan,bpuddanr5@example.com,Zaporizhya,Female,206.48.252.121
979,Winfred,Tiesman,wtiesmanr6@about.com,Zaporizhya,Male,191.55.155.27
980,Jessalyn,Forrest,jforrestr7@home.pl,Xarkiv,Female,65.236.255.155
981,Inglebert,Mangenot,imangenotr8@w3.org,Kuiv,Male,129.179.186.223
982,Jonell,Van
der
Kruys,jvanderkruysr9@nymag.com,Xarkiv,Female,110.135.228.98
983,Mara,Birchall,mbirchallra@tinyurl.com,Odesa,Female,11.7.226.151
984,Faun,Gindghill,fgindghillrb@csmonitor.com,Ternopil,Female,15.202.98.247
985,Keelby,Dupoy,kdupoyrc@google.ca,Zaporizhya,Male,103.247.49.235
986,Devin,Wressell,dwressellrd@macromedia.com,Odesa,Genderfluid,169.76.56.110
987,Alic,Peres,aperesre@un.org,Zaporizhya,Male,31.13.196.0
988,Orren,Thorley,othorleyrf@google.ca,Xarkiv,Male,126.101.182.184
989,Giorgia,Jone,gjonerg@paginegialle.it,Lviv,Female,21.106.59.115
990,Perl,Mion,pmionrh@gnu.org,Vinnucia,Female,53.30.39.175
991,Abraham,Charon,acharonri@dyndns.org,Lytsk,Male,28.159.145.77
992,Lorenzo,Darley,ldarleyrj@berkeley.edu,Dnipro,Male,37.40.212.226
993,Dill,Marke,dmarkerk@cdbaby.com,Lytsk,Male,124.126.108.198
994,Myrah,Klaesson,mklaessonrl@prweb.com,Lytsk,Female,56.228.95.170
995,Kerr,Keyhoe,kkeyhoerm@wisc.edu,Kuiv,Male,222.27.86.55
996,Nananne,Marquis,nmarquisrn@dailymail.co.uk,Ternopil,Female,243.55.54.86
997,Alicia,Frobisher,afrobisherro@tmall.com,Xarkiv,Bigender,37.71.36.52
998,Nevsa,Schumacher,nschumacherrp@ovh.net,Vinnucia,Female,1.239.24.151
999,Gaby,Snazel,gsnazelrq@hexun.com,Ivano-Frankivsk,Female,38.139.154.111
1000,Carleen,Sealand,csealandrr@instagram.com,Xarkiv,Female,184.46.41.37
